time stamp,deltatime,stepcount_currentEP,totalstepcount,completedEpisodes,cumaltiveRewardInCurrentEP,wheelAction1,wheelAction2,wheelAction3,wheelAction4,wheeltorque1,wheeltorque2,wheeltorque3,wheeltorque4,legAction1,legAction2,legAction3,legAction4,legRotate1,legRotate2,legRotate3,legRotate4,velcoityToGoal,vehicleVelocity_x,vehicleVelocity_y,vehicleVelocity_z,goalVelocity_x,goalVelocity_y,goalVelocity_z,vehicleRotation_x,vehicleRotation_y,vehicleRotation_z,vehicleRotation_w,TargetRealtivePosition_x,TargetRealtivePosition_y,TargetRealtivePosition_z,legRotation_1,legRotation_2,legRotation_3,legRotation_4,
2021-03-19T18:12:50.1038439+02:00,80.8708,1,1,0,0,1,1,1,1,-100,-100,-100,-100,2,0,1,1,1,0,-1,-1,1,0,0,0,0,0,1,0,0,0,1,0,-0.1,2.5,147.7009,156.0227,14.72267,131.69,
2021-03-19T18:12:50.1043406+02:00,374.4831,6,6,0,0,1,1,1,1,-100,-100,-100,-100,2,1,1,0,1,-1,-1,0,1.156962,0.03634816,-0.5045238,-0.0405263,1.164153E-10,0,1,0.005619103,0.0004550545,-2.3713E-06,0.9999841,0.001531999,-0.09197953,2.499868,147.7009,161.0227,19.72267,126.69,
2021-03-19T18:12:50.1043406+02:00,22.8278,11,11,0,0,1,1,1,1,-100,-100,-100,-100,0,0,1,0,0,0,-1,0,1.484243,0.0673127,-1.02535,-0.07103018,9.313226E-10,-7.450581E-09,1,0.02130258,0.0005991419,5.26284E-07,0.9997729,0.001278125,-0.04096853,2.502285,152.7009,161.0227,24.72267,121.69,
2021-03-19T18:12:50.1048359+02:00,46.6155,16,16,0,0,1,1,1,1,-100,-100,-100,-100,0,1,1,1,0,-1,-1,-1,1.841693,0.159634,-1.411545,-0.1721305,-2.793968E-09,7.450581E-09,0.9999999,0.04433731,-0.0005238312,7.246162E-05,0.9990165,0.001369948,0.02943905,2.50844,152.7008,161.0227,24.72268,116.69,
2021-03-19T18:12:50.1053315+02:00,31.7134,21,21,0,0,1,1,1,1,-100,-100,-100,-100,0,1,0,1,0,-1,0,-1,2.210001,0.1857,-1.851661,-0.1920455,-3.72529E-09,2.980232E-08,1,0.07791598,-0.00652039,0.0002998184,0.9969386,-0.001156908,0.1392439,2.516468,157.7008,166.0226,24.72267,111.69,
2021-03-19T18:12:50.1058279+02:00,57.0674,26,26,0,0,1,1,1,1,-100,-100,-100,-100,0,1,0,0,0,-1,0,0,0.7737527,0.3469436,-0.3996332,0.4355385,3.72529E-09,0,1,0.07584405,-0.009886871,0.0001162337,0.9970707,-0.007267483,0.2816779,2.497385,162.7008,171.0226,24.72266,111.69,
2021-03-19T18:12:50.1063269+02:00,65.4445,31,31,0,0,1,1,1,1,-100,-100,-100,-100,0,1,0,0,0,-1,0,0,0.8471466,0.4418106,-0.4055179,0.4016557,-8.731149E-11,1.490116E-08,1,0.02941155,-0.01408567,0.0001627257,0.9994681,-0.004556566,0.3017989,2.475682,167.7008,171.0226,24.72266,111.69,
2021-03-19T18:12:50.1063269+02:00,65.472,36,36,0,0,1,1,1,0,-100,-100,-100,-100,1,1,0,0,-1,-1,0,0,1.053668,0.1870376,0.08768634,-0.03322056,-1.862645E-09,1.862645E-09,1,0.0004908768,-0.01580445,2.982892E-05,0.999875,-0.005461171,0.2523441,2.473816,172.7008,171.0227,24.72266,111.69,
2021-03-19T18:12:50.1068198+02:00,68.971,41,41,0,0,0,1,1,1,0,-100,-100,-100,2,0,2,1,1,0,1,-1,1.029639,0.006620532,-0.009142641,-0.02957729,0,1.862645E-09,1,0.001137866,-0.02560009,2.451612E-05,0.9996716,0.0003337711,0.2533506,2.481251,177.7008,171.0227,19.72264,111.69,
2021-03-19T18:12:50.1073246+02:00,66.4368,46,46,0,0,0,1,1,0,0,-100,-100,-100,1,2,2,1,-1,1,1,-1,1.000118,-0.06982489,-0.0396055,0.003108413,3.72529E-09,1.396984E-09,1,0.001105984,-0.02485905,1.843677E-05,0.9996904,0.001781017,0.2568993,2.480948,177.7008,176.0226,24.72264,116.69,
2021-03-19T18:12:50.1078147+02:00,65.5031,51,51,0,0,1,0,1,1,-100,0,-100,0,2,0,2,0,1,0,1,0,0.999262,-0.01039931,-0.006015128,0.0008101816,-3.72529E-09,3.72529E-09,0.9999999,0.001019752,-0.02429969,1.970271E-05,0.9997042,0.0002504289,0.2580651,2.480955,172.7008,181.0226,19.72264,121.69,
2021-03-19T18:12:50.1083081+02:00,64.9453,56,56,0,0,1,0,1,0,-100,0,-100,0,2,0,2,1,1,0,1,-1,0.9972599,-0.01297131,-0.008127562,0.002857666,3.72529E-09,1.396984E-09,1,0.001090753,-0.02414062,2.029229E-05,0.999708,0.0003732592,0.2586642,2.480936,172.7008,181.0226,24.72265,126.69,
2021-03-19T18:12:50.1087794+02:00,66.4913,61,61,0,0,2,0,0,1,100,0,0,0,2,0,2,2,1,0,1,1,0.9978828,-0.02766496,-0.01582783,0.002626316,-7.450581E-09,-9.313226E-10,1,0.001068251,-0.02392137,1.848338E-05,0.9997133,0.0006594658,0.2597992,2.481025,172.7008,186.0226,29.72264,131.69,
2021-03-19T18:12:50.1087794+02:00,66.4601,66,66,0,0,1,1,0,0,-100,-100,0,-100,2,1,0,0,1,-1,0,0,0.9996479,-0.04832526,-0.0273627,0.001895904,-3.72529E-09,4.656613E-09,1,0.0009812597,-0.0235206,1.520856E-05,0.9997229,0.001047879,0.2617837,2.480729,172.7008,181.0226,34.72265,136.69,
2021-03-19T18:12:50.1092998+02:00,68.4238,71,71,0,0,1,0,1,0,-100,0,-100,0,2,0,0,0,1,0,0,0,0.9991173,-0.06585084,-0.03812981,0.003784599,7.450581E-09,5.122274E-09,1,0.001040676,-0.02290945,1.482411E-05,0.999737,0.001581416,0.2647591,2.480668,177.7009,181.0226,39.72266,136.69,
2021-03-19T18:12:50.1097960+02:00,65.0046,76,76,0,0,0,0,1,1,0,0,-100,0,0,0,2,0,0,0,1,0,0.9999759,-0.08193053,-0.04871901,0.004577703,0,0,1,0.001032545,-0.02207096,1.235887E-05,0.9997559,0.00192222,0.2686658,2.480654,177.7009,181.0226,44.72268,136.69,
2021-03-19T18:12:50.1102914+02:00,69.9357,81,81,0,0,1,0,1,0,-100,0,-100,0,2,0,2,0,1,0,1,0,0.9996062,-0.05558814,-0.03409607,0.002523173,-7.450581E-09,9.313226E-10,0.9999999,0.000945001,-0.02126033,1.099329E-05,0.9997736,0.001247808,0.2718865,2.480497,177.7009,181.0226,44.72266,141.69,
2021-03-19T18:12:50.1107884+02:00,64.9472,86,86,0,0,0,0,1,1,0,0,-100,0,2,0,0,0,1,0,0,0,1.000064,-0.07572684,-0.04737922,0.003933597,-7.450581E-09,1.629815E-09,1,0.0009596993,-0.02056858,9.136351E-06,0.999788,0.001815423,0.2755591,2.480437,177.7009,181.0226,49.72266,146.69,
2021-03-19T18:12:50.1107884+02:00,65.9942,91,91,0,0,1,0,1,1,-100,0,-100,0,2,0,2,1,1,0,1,-1,1.002922,-0.09762192,-0.06284634,0.003820899,0,-9.313226E-10,1,0.0009071572,-0.01966547,6.309E-06,0.9998062,0.002304882,0.2803921,2.48013,177.7009,181.0226,54.72265,146.69,
2021-03-19T18:12:50.1112833+02:00,65.4748,96,96,0,0,1,0,1,0,-100,0,-100,0,1,2,2,0,-1,1,1,0,1.004408,-0.1154518,-0.07798693,0.005302189,-5.587935E-09,-1.862645E-09,0.9999999,0.0009110192,-0.01853645,4.109851E-06,0.9998278,0.002780288,0.2864971,2.479824,177.7009,186.0226,59.72263,151.69,
2021-03-19T18:12:50.1117818+02:00,69.4386,101,101,0,0,2,0,1,1,100,0,-100,0,2,1,0,0,1,-1,0,0,1.002221,-0.003202269,0.002168043,-0.002213562,0,0,1,0.0007856858,-0.01767293,4.582412E-05,0.9998435,-0.00192906,0.2814694,2.481003,172.7009,186.0226,54.72263,156.69,
2021-03-19T18:12:50.1122842+02:00,64.453,106,106,0,0,1,0,1,1,-100,0,-100,0,2,1,2,0,1,-1,1,0,1.001377,-0.05603376,-0.0395484,0.0009741192,3.72529E-09,1.396984E-09,0.9999999,0.0007223244,-0.0176749,3.49406E-06,0.9998435,0.00120452,0.2901309,2.479709,177.7009,186.0226,59.72263,156.69,
2021-03-19T18:12:50.1127790+02:00,66.9593,111,111,0,0,1,0,0,0,-100,0,0,0,2,2,2,0,1,1,1,0,1.003502,-0.09625681,-0.06913324,0.003520347,-3.72529E-09,6.984919E-10,1,0.0007897222,-0.01698844,2.480797E-06,0.9998554,0.002459466,0.2949863,2.479613,182.7008,186.0226,64.72262,161.69,
2021-03-19T18:12:50.1127790+02:00,65.4999,116,116,0,0,1,0,1,0,-100,0,-100,0,2,0,0,0,1,0,0,0,1.006406,-0.1197821,-0.08989211,0.004799353,3.72529E-09,9.313226E-10,0.9999999,0.0007807424,-0.01586225,-1.625408E-07,0.9998739,0.002993256,0.3018414,2.479446,177.7009,186.0226,69.72265,166.69,
2021-03-19T18:12:50.1132675+02:00,68.9166,121,121,0,0,0,1,1,0,0,-100,-100,-100,2,0,2,0,1,0,1,0,1.009796,-0.1357443,-0.1081364,0.005229885,0,4.656613E-10,1,0.0007315524,-0.0145366,-2.279161E-06,0.9998941,0.003445581,0.3100184,2.479179,177.7009,186.0226,74.72266,166.69,
2021-03-19T18:12:50.1137634+02:00,65.9679,126,126,0,0,1,2,1,0,-100,100,-100,100,2,0,2,1,1,0,1,-1,1.01461,-0.1498682,-0.1265166,0.004526982,1.862645E-09,1.164153E-09,1,0.0006307448,-0.01312998,-3.933892E-06,0.9999136,0.003880784,0.3194599,2.478995,177.7009,186.0227,79.72268,171.69,
2021-03-19T18:12:50.1142597+02:00,65.5003,131,131,0,0,1,2,1,1,-100,100,-100,100,2,0,0,0,1,0,0,0,1.017137,-0.1560294,-0.1408538,0.004819802,-3.72529E-09,1.862645E-09,0.9999999,0.0005791867,-0.01162749,-4.943368E-06,0.9999322,0.004150018,0.3300208,2.47878,177.7009,191.0227,84.72268,176.69,
2021-03-19T18:12:50.1147555+02:00,68.9157,136,136,0,0,1,0,0,1,-100,0,0,0,2,2,2,0,1,1,1,0,1.019192,-0.1562902,-0.1526741,0.004502208,0,2.328306E-10,1,0.0004928519,-0.01012829,-5.558305E-06,0.9999486,0.004289635,0.3413754,2.478641,177.7009,191.0227,89.72271,176.69,
2021-03-19T18:12:50.1147555+02:00,65.9672,141,141,0,0,1,0,1,0,-100,0,-100,0,2,0,0,0,1,0,0,0,1.019965,-0.151325,-0.1594648,0.004007667,1.862645E-09,-5.820766E-11,1,0.0003960979,-0.008704204,-5.477596E-06,0.999962,0.004338995,0.353188,2.478581,172.7008,191.0226,94.72272,181.69,
2021-03-19T18:12:50.1152516+02:00,66.4951,146,146,0,0,1,0,1,0,-100,0,-100,0,2,2,2,0,1,1,1,0,1.022011,-0.0897328,-0.06008104,-0.01629003,1.862645E-09,1.862645E-09,0.9999999,0.002919634,-0.007596658,-2.742329E-05,0.9999669,0.002606206,0.3567499,2.479765,172.7008,191.0226,99.72271,181.69,
2021-03-19T18:12:50.1157474+02:00,65.9649,151,151,0,0,2,0,1,1,100,0,-100,0,2,2,0,1,1,1,0,-1,0.9934933,-0.09260881,-0.1551691,0.02307876,2.793968E-09,1.164153E-10,1,0.001004698,-0.00677269,-2.283274E-05,0.9999766,0.002717767,0.3724771,2.477974,167.7009,191.0226,104.7227,186.69,
2021-03-19T18:12:50.1162436+02:00,65.9688,156,156,0,0,1,2,1,0,-100,100,-100,100,2,0,1,0,1,0,-1,0,1.019397,-0.128706,-0.1608494,0.00163534,-9.313226E-10,2.182787E-10,1,0.0001318385,-0.00591187,-2.725414E-06,0.9999825,0.003941912,0.3799547,2.478272,162.7008,196.0226,109.7227,186.69,
2021-03-19T18:12:50.1167394+02:00,69.9318,161,161,0,0,2,0,1,0,100,0,-100,0,2,0,2,2,1,0,1,1,1.014828,-0.1079166,-0.1460975,0.001558857,1.862645E-09,3.637979E-12,1,5.67423E-05,-0.004921054,-1.16611E-06,0.9999879,0.003526611,0.3918442,2.47826,162.7008,196.0226,114.7227,181.69,
2021-03-19T18:12:50.1167394+02:00,65.4753,166,166,0,0,0,2,1,0,0,100,-100,100,2,0,2,2,1,0,1,1,1.000022,-0.0003133256,-0.0004539184,-2.22629E-05,1.862645E-09,-4.547474E-13,1,-3.328202E-07,-0.004713884,-4.015581E-09,0.9999889,2.025068E-05,0.3922797,2.478217,162.7008,191.0226,119.7227,186.69,
2021-03-19T18:12:50.1172361+02:00,64.948,171,171,0,0,1,0,0,0,-100,0,0,0,2,0,0,1,1,0,0,-1,0.9999951,-4.662426E-05,-6.17428E-05,4.997479E-06,2.793968E-09,2.273737E-13,1,1.282936E-06,-0.004713139,-2.750699E-08,0.9999889,1.080334E-06,0.3922769,2.478218,162.7008,186.0226,124.7227,191.69,
2021-03-19T18:12:50.1177392+02:00,69.9636,176,176,0,0,1,0,1,2,-100,0,-100,0,2,0,2,0,1,0,1,0,0.9999946,-3.063573E-05,-1.990789E-05,5.411028E-06,9.313226E-10,0,1,4.641342E-07,-0.004713021,-9.530826E-09,0.9999889,6.761402E-07,0.3922742,2.478218,162.7008,191.0226,129.7227,191.69,
2021-03-19T18:12:50.1182307+02:00,63.989,181,181,0,0,1,0,1,0,-100,0,-100,0,2,2,1,0,1,1,-1,0,0.9999955,5.855826E-06,-1.057969E-06,4.47748E-06,2.793968E-09,1.136868E-13,1,9.231721E-07,-0.004712842,-2.237883E-08,0.9999889,-3.091991E-07,0.3922771,2.478217,162.7008,191.0226,134.7227,196.69,
2021-03-19T18:12:50.1187270+02:00,65.443,186,186,0,0,1,0,1,1,-100,0,-100,0,2,0,1,2,1,0,-1,1,0.9999993,-1.934959E-05,-2.667278E-06,6.785353E-07,2.793968E-09,1.136868E-13,1,4.484879E-07,-0.004712637,-9.783056E-09,0.9999889,6.258488E-07,0.3922746,2.478218,157.7008,191.0226,139.7227,191.69,
2021-03-19T18:12:50.1187270+02:00,65.9681,191,191,0,0,1,1,1,1,-100,-100,-100,-100,1,1,1,1,-1,-1,-1,-1,1.000008,2.055229E-05,5.826394E-06,-8.407475E-06,2.793968E-09,3.410605E-13,1,6.124057E-07,-0.004712616,-1.007467E-08,0.9999889,-9.983778E-07,0.3922733,2.478218,157.7008,186.0226,144.7227,186.69,
2021-03-19T18:12:50.1192201+02:00,69.9358,196,196,0,0,1,1,1,0,-100,-100,-100,-100,2,2,1,2,1,1,-1,1,1.000008,3.064924E-05,7.033421E-06,-7.892878E-06,9.313226E-10,2.273737E-13,1,4.921536E-07,-0.004712703,-6.425309E-09,0.9999889,-7.152557E-07,0.3922722,2.478218,162.7008,191.0226,139.7227,181.69,
2021-03-19T18:12:50.1197159+02:00,65.9916,201,201,0,0,1,0,1,1,-100,0,-100,0,2,1,1,0,1,-1,-1,0,1,-4.111874E-05,-5.036471E-06,-4.726532E-08,1.862645E-09,0,1,1.050816E-06,-0.004712419,-1.829298E-08,0.9999889,5.755574E-07,0.3922735,2.478218,157.7008,186.0226,144.7227,176.69,
2021-03-19T18:12:50.1202117+02:00,64.4847,206,206,0,0,1,2,1,1,-100,100,-100,100,0,0,0,1,0,0,0,-1,1.00002,4.516936E-05,1.364962E-05,-1.961244E-05,9.313226E-10,2.842171E-13,1,3.643734E-07,-0.004712777,-1.071549E-09,0.9999889,-1.445413E-06,0.3922706,2.478218,162.7008,186.0226,149.7227,171.69,
2021-03-19T18:12:50.1207078+02:00,68.4207,211,211,0,0,1,0,1,1,-100,0,-100,0,2,2,1,2,1,1,-1,1,0.999997,5.43135E-06,-8.717173E-06,3.094204E-06,-9.313226E-10,-5.684342E-14,1,2.647567E-07,-0.004712766,-6.239776E-09,0.9999889,-4.321337E-07,0.3922744,2.478156,162.7008,191.0226,149.7227,171.69,
2021-03-19T18:12:50.1207078+02:00,65.4718,216,216,0,0,1,0,1,0,-100,0,-100,0,2,0,1,0,1,0,-1,0,0.9999979,8.245818E-05,9.209425E-06,2.110454E-06,-1.862645E-09,-6.82121E-13,0.9999999,1.721465E-06,-0.004712823,-3.156518E-08,0.9999889,-2.540648E-06,0.3922743,2.478096,157.7008,186.0226,154.7227,166.69,
2021-03-19T18:12:50.1212036+02:00,67.9521,221,221,0,0,0,1,1,1,0,-100,-100,-100,2,0,1,0,1,0,-1,0,1.00001,-5.715456E-05,-1.303832E-05,-1.038849E-05,3.72529E-09,4.547474E-13,0.9999999,9.959024E-07,-0.004712828,-1.444567E-08,0.9999889,6.61239E-07,0.392272,2.478096,157.7008,186.0226,159.7227,161.69,
2021-03-19T18:12:50.1216996+02:00,65.0032,226,226,0,0,1,2,0,1,-100,100,0,100,2,0,2,1,1,0,1,-1,0.9999715,5.808667E-05,-1.476674E-05,2.851009E-05,-1.862645E-09,-9.094947E-13,0.9999999,1.901178E-06,-0.004713094,-4.216E-08,0.9999889,-1.631677E-06,0.3922783,2.478095,157.7008,186.0226,164.7227,156.69,
2021-03-19T18:12:50.1221982+02:00,66.4363,231,231,0,0,0,0,1,1,0,0,-100,0,2,0,2,0,1,0,1,0,1.000037,-8.837324E-05,-0.0001050377,-3.690664E-05,-1.862645E-09,-2.273737E-13,0.9999999,1.313256E-06,-0.004713006,-1.292418E-08,0.9999889,2.92249E-06,0.3922697,2.478096,157.7008,191.0226,169.7227,161.69,
2021-03-19T18:12:50.1226672+02:00,76.4112,236,236,0,0,1,1,1,1,-100,-100,-100,-100,2,1,1,2,1,-1,-1,1,1.000022,4.834319E-05,1.409671E-05,-2.158212E-05,1.862645E-09,0,0.9999999,7.520491E-07,-0.004713242,-8.574562E-09,0.9999889,-1.393259E-06,0.3922711,2.478096,157.7008,191.0226,174.7227,166.69,
2021-03-19T18:12:50.1226672+02:00,58.5008,241,241,0,0,1,0,1,2,-100,0,-100,0,2,2,2,0,1,1,1,0,1.000014,-6.647441E-05,-8.393791E-05,-1.422394E-05,9.313226E-10,0,1,1.305237E-06,-0.004713287,-1.924669E-08,0.9999889,1.564622E-06,0.3922724,2.478096,162.7008,186.0226,179.7227,161.69,
2021-03-19T18:12:50.1231639+02:00,65.4722,246,246,0,0,1,2,1,1,-100,100,-100,100,2,2,1,2,1,1,-1,1,1.000009,-4.947366E-05,-6.312114E-05,-9.460508E-06,9.313226E-10,-1.136868E-13,1,9.322441E-07,-0.004713388,-1.393536E-08,0.9999889,1.447275E-06,0.3922729,2.478096,157.7008,186.0226,184.7227,166.69,
2021-03-19T18:12:50.1236835+02:00,65.995,251,251,0,0,1,0,1,2,-100,0,-100,0,2,1,1,1,1,-1,-1,-1,1.000014,4.419855E-05,1.047566E-05,-1.447397E-05,1.862645E-09,0,0.9999999,5.890539E-07,-0.004713573,-6.737951E-09,0.9999889,-1.786277E-06,0.3922715,2.478096,152.7008,181.0226,189.7227,161.69,
2021-03-19T18:12:50.1241828+02:00,67.456,256,256,0,0,1,1,1,1,-100,-100,-100,-100,2,0,1,0,1,0,-1,0,0.9999961,-3.759827E-05,-6.005076E-06,3.886647E-06,0,-2.273737E-13,1,9.437237E-07,-0.00471415,-1.738031E-08,0.9999889,5.51343E-07,0.392274,2.478096,157.7008,186.0226,194.7227,156.69,
2021-03-19T18:12:50.1246760+02:00,67.4289,261,261,0,0,1,1,0,0,-100,-100,0,-100,2,1,1,0,1,-1,-1,0,0.9999964,1.818691E-05,9.23906E-07,3.589827E-06,0,0,1,7.542728E-07,-0.00471463,-1.555375E-08,0.9999889,-9.81614E-07,0.3922747,2.478095,157.7009,186.0226,199.7227,151.69,
2021-03-19T18:12:50.1246760+02:00,67.4909,266,266,0,0,1,0,1,0,-100,0,-100,0,2,2,1,1,1,1,-1,-1,0.9999923,1.448863E-05,-1.102664E-06,7.702279E-06,3.72529E-09,0,1,6.599836E-07,-0.00471458,-1.364127E-08,0.9999889,-6.332994E-07,0.3922747,2.478096,162.7008,186.0226,204.7227,146.69,
2021-03-19T18:12:50.1251728+02:00,63.9846,271,271,0,0,1,0,0,2,-100,0,0,0,2,2,1,0,1,1,-1,0,1.000001,-2.559166E-05,-2.682159E-06,-1.346843E-06,0,0,1,6.336121E-07,-0.004714668,-1.086191E-08,0.9999889,5.941838E-07,0.3922735,2.478096,157.7008,191.0226,209.7227,141.69,
2021-03-19T18:12:50.1256677+02:00,66.4521,276,276,0,0,1,1,1,1,-100,-100,-100,-100,2,0,2,0,1,0,1,0,1.000012,5.519084E-05,1.135492E-05,-1.175367E-05,5.587935E-09,4.547474E-13,1,1.223159E-06,-0.004714729,-2.02857E-08,0.9999889,-2.896413E-06,0.392273,2.478096,152.7008,191.0226,214.7227,136.69,
2021-03-19T18:12:50.1261643+02:00,70.9333,281,281,0,0,0,0,1,0,0,0,-100,0,2,0,1,0,1,0,-1,0,0.9999881,3.786106E-05,4.323015E-07,1.193878E-05,4.656613E-09,0,1,1.866092E-06,-0.004727369,-3.959085E-08,0.9999889,-1.313165E-06,0.3922774,2.478094,152.7008,191.0226,219.7227,141.69,
2021-03-19T18:12:50.1266594+02:00,64.9723,286,286,0,0,1,0,1,1,-100,0,-100,0,2,0,1,0,1,0,-1,0,1.00003,-6.869544E-05,-8.667968E-05,-2.971321E-05,-9.313226E-10,0,1,9.763964E-07,-0.004727803,-8.534382E-09,0.9999889,2.169982E-06,0.3922702,2.478095,152.7008,191.0226,224.7227,136.69,
2021-03-19T18:12:50.1266594+02:00,63.9579,291,291,0,0,1,1,1,1,-100,-100,-100,-100,2,0,1,1,1,0,-1,-1,1.000013,-5.002859E-05,-6.698051E-05,-1.307806E-05,-4.656613E-09,-3.410605E-13,1,9.179882E-07,-0.004727815,-1.270959E-08,0.9999889,1.318753E-06,0.3922725,2.478095,152.7008,191.0226,229.7227,131.69,
2021-03-19T18:12:50.1271564+02:00,68.9722,296,296,0,0,1,1,1,1,-100,-100,-100,-100,0,1,1,0,0,-1,-1,0,1.024603,-0.0002209552,0.05817042,-0.0229502,3.72529E-09,7.366907E-11,1,2.977122E-06,-0.004727825,8.676955E-06,0.9999889,0.0001568384,0.3871364,2.479059,152.7008,196.0226,234.7227,126.69,
2021-03-19T18:12:50.1276514+02:00,64.4796,301,301,0,0,1,1,1,0,-100,-100,-100,-100,0,1,0,0,0,-1,0,0,1.085699,-0.0006258028,0.1574536,-0.07422091,1.862645E-09,4.656613E-10,1,0.001964788,-0.004284744,-1.544039E-05,0.9999889,0.001345228,0.3788834,2.481563,157.7008,196.0226,234.7227,121.69,
2021-03-19T18:12:50.1281480+02:00,69.451,306,306,0,0,1,0,1,0,-100,0,-100,0,0,1,2,0,0,-1,1,0,0.9716928,0.001233053,-0.07610823,0.03129317,3.72529E-09,0,1,0.009954602,-0.004004952,-0.0001816065,0.9999424,-2.790801E-05,0.3895005,2.480543,162.7008,196.0226,234.7227,121.69,
2021-03-19T18:12:50.1286434+02:00,65.9573,311,311,0,0,0,0,1,1,0,0,-100,0,2,1,2,0,1,-1,1,0,0.9998649,0.002633976,-0.007398659,0.000165991,-1.862645E-09,-2.910383E-11,0.9999999,0.0001450228,-0.004001468,-1.769205E-06,0.999992,0.0002452154,0.3916148,2.479458,167.7008,196.0226,234.7228,126.69,
2021-03-19T18:12:50.1286434+02:00,65.4733,316,316,0,0,1,0,1,0,-100,0,-100,0,2,0,1,1,1,0,-1,-1,1.000079,-0.0004169727,-0.0008958341,-7.855288E-05,9.313226E-10,-4.547474E-13,1,-3.16445E-06,-0.004018561,6.951253E-08,0.999992,8.73208E-06,0.3922591,2.479383,172.7008,196.0226,239.7227,131.69,
2021-03-19T18:12:50.1291404+02:00,68.9148,321,321,0,0,1,0,0,1,-100,0,0,0,2,0,1,2,1,0,-1,1,0.9990754,0.006261652,0.008236074,0.0009781619,0,3.637979E-11,1,4.949986E-05,-0.004034929,-6.140958E-07,0.9999919,-0.0006077886,0.3916551,2.479525,172.7008,201.0226,244.7227,126.69,
2021-03-19T18:12:50.1296372+02:00,65.0031,326,326,0,0,1,0,0,1,-100,0,0,0,2,1,1,0,1,-1,-1,0,0.9985416,0.001161077,-0.002414147,0.001461971,0,2.037268E-10,1,8.99096E-05,-0.004416377,-2.167529E-08,0.9999903,-0.002568476,0.3813719,2.479882,172.7008,196.0226,249.7227,121.69,
2021-03-19T18:12:50.1301319+02:00,64.9746,331,331,0,0,1,1,1,0,-100,-100,-100,-100,2,0,2,2,1,0,1,1,0.9968693,0.00159275,-0.002702008,0.003135628,-4.656613E-09,1.164153E-10,1,0.0002163082,-0.004894518,-4.192686E-06,0.999988,-0.004317693,0.3726777,2.479646,177.7008,196.0226,254.7227,116.69,
2021-03-19T18:12:50.1301319+02:00,68.4438,336,336,0,0,1,0,1,0,-100,0,-100,0,2,0,1,0,1,0,-1,0,0.9981663,0.0003640373,-0.0002263049,0.001833845,2.793968E-09,1.74623E-10,0.9999999,0.0004129175,-0.005575939,-6.611981E-06,0.9999844,-0.002311081,0.3629217,2.48002,177.7008,191.0226,259.7228,121.69,
2021-03-19T18:12:50.1306278+02:00,66.4672,341,341,0,0,2,1,1,1,100,-100,-100,-100,0,0,1,1,0,0,-1,-1,1.002379,0.001205179,-0.006114359,-0.002359996,1.862645E-09,4.656613E-10,1,0.0002586584,-0.006869728,-1.375475E-06,0.9999764,-0.001686409,0.3520293,2.480238,177.7008,191.0226,264.7228,116.69,
2021-03-19T18:12:50.1311237+02:00,65.4718,346,346,0,0,0,1,0,0,0,-100,0,-100,2,0,2,1,1,0,1,-1,0.9996662,-3.391042E-05,-1.410084E-05,0.0003338235,-9.313226E-10,4.074536E-10,0.9999999,0.0002792053,-0.00672916,-4.703458E-06,0.9999774,-0.0003724098,0.3531875,2.479901,177.7008,196.0226,264.7228,111.69,
2021-03-19T18:12:50.1316239+02:00,66.47,351,351,0,0,1,1,1,1,-100,-100,-100,-100,0,1,1,0,0,-1,-1,0,0.9988112,0.0007348849,-0.002941462,0.001193373,0,8.149073E-10,1,0.0003186631,-0.007959963,-2.313404E-06,0.9999683,-0.004042491,0.3427188,2.479899,177.7008,201.0226,269.7228,116.69,
2021-03-19T18:12:50.1321161+02:00,65.9349,356,356,0,0,1,1,0,0,-100,-100,0,-100,2,1,1,2,1,-1,-1,1,0.9986441,0.0002945786,-0.0002897494,0.001355997,-3.72529E-09,-2.328306E-10,1,0.0004947766,-0.008246996,-5.692514E-06,0.9999659,-1.097471E-05,0.3433879,2.479819,182.7008,201.0226,269.7228,111.69,
2021-03-19T18:12:50.1326132+02:00,68.4747,361,361,0,0,1,0,1,1,-100,0,-100,0,1,0,2,2,-1,0,1,1,0.9956738,0.001238252,-0.003691715,0.00433375,-1.862645E-09,-3.49246E-10,0.9999999,0.0004809044,-0.009503844,-4.3246E-06,0.9999548,-0.005938783,0.3336647,2.479444,187.7008,196.0226,274.7228,106.69,
2021-03-19T18:12:50.1326132+02:00,64.9766,366,366,0,0,1,1,0,0,-100,-100,0,-100,2,0,1,0,1,0,-1,0,1.002786,-0.07093108,-0.07227867,0.002340638,3.72529E-09,1.164153E-09,1,0.000464676,-0.009922222,-4.735807E-06,0.9999507,0.002023138,0.33748,2.479489,187.7008,191.0226,269.7228,111.69,
2021-03-19T18:12:50.1331077+02:00,70.4041,371,371,0,0,1,0,1,0,-100,0,-100,0,2,0,0,1,1,0,0,-1,0.9985905,0.0005294606,-0.002051551,0.001411738,1.862645E-09,6.984919E-10,1,0.0003897865,-0.01000103,-6.228809E-07,0.9999499,-0.002638876,0.3331329,2.479707,187.7008,191.0226,274.7228,106.69,
2021-03-19T18:12:50.1336037+02:00,65.4719,376,376,0,0,1,0,1,0,-100,0,-100,0,1,0,0,0,-1,0,0,0,1.000054,0.000555729,-0.004158507,-4.523633E-05,5.587935E-09,8.149073E-10,1,0.0004677691,-0.01129057,2.000901E-06,0.9999362,-0.001739636,0.3237851,2.479845,187.7008,196.0226,279.7228,106.69,
2021-03-19T18:12:50.1341095+02:00,66.9593,381,381,0,0,1,0,1,1,-100,0,-100,0,2,0,0,0,1,0,0,0,1.002174,-0.06929652,-0.06765319,0.002516224,3.72529E-09,9.313226E-10,0.9999999,0.000528465,-0.01089242,-4.399299E-06,0.9999406,0.001993217,0.3283527,2.47957,187.7008,196.0226,274.7228,106.6899,
2021-03-19T18:12:50.1341095+02:00,65.0037,386,386,0,0,1,1,0,0,-100,-100,0,-100,2,1,2,0,1,-1,1,0,0.9967802,0.0009006893,-0.003597413,0.003226786,1.862645E-09,-1.280569E-09,1,0.0005636679,-0.01082755,-1.637041E-06,0.9999412,-0.002282642,0.3244267,2.479885,187.7008,196.0226,279.7228,106.6899,
2021-03-19T18:12:50.1345957+02:00,65.9682,391,391,0,0,1,0,0,1,-100,0,0,0,2,0,2,2,1,0,1,1,1.000842,0.0002560179,-0.00325546,-0.0008363948,-1.862645E-09,1.396984E-09,1,0.0005112442,-0.01275582,4.511847E-06,0.9999185,-0.001680911,0.3150912,2.479903,192.7008,196.0226,284.7228,111.6899,
2021-03-19T18:12:50.1350917+02:00,68.9486,396,396,0,0,0,0,1,0,0,0,-100,0,2,0,0,0,1,0,0,0,0.9938384,0.00150046,-0.003984395,0.00617073,5.587935E-09,2.561137E-09,1,0.0007153362,-0.01404597,-2.642484E-06,0.9999011,-0.005422696,0.3084471,2.479534,192.7008,191.0226,289.7228,116.6899,
2021-03-19T18:12:50.1355934+02:00,65.9632,401,401,0,0,1,0,1,1,-100,0,-100,0,2,0,2,0,1,0,1,0,0.998792,0.0002834278,-0.002053532,0.001210198,-3.72529E-09,1.047738E-09,1,0.0005944867,-0.01579057,3.55073E-06,0.9998752,-0.003132984,0.3004046,2.479615,192.7008,191.0226,294.7228,116.69,
2021-03-19T18:12:50.1360840+02:00,64.9771,406,406,0,0,1,0,0,0,-100,0,0,0,2,2,2,1,1,1,1,-1,0.9971818,0.001119782,-0.001255199,0.002819577,-1.117587E-08,1.164153E-09,0.9999999,0.0008143979,-0.01709745,5.870465E-06,0.9998536,-0.002514586,0.2936268,2.479993,192.7008,191.0226,299.7228,121.69,
2021-03-19T18:12:50.1360840+02:00,69.4487,411,411,0,0,1,0,0,0,-100,0,0,0,2,0,2,2,1,0,1,1,0.9997287,0.0007164499,0.0005606301,0.0002716915,0,-1.862645E-09,1,0.0006763981,-0.01850192,1.359589E-05,0.9998286,-0.002154186,0.2865368,2.480235,187.7008,196.0226,304.7228,126.69,
2021-03-19T18:12:50.1365804+02:00,103.1543,416,416,0,0,1,1,1,0,-100,-100,-100,-100,1,0,2,2,-1,0,1,1,0.9932955,0.002589114,0.0001221193,0.006707931,-1.117587E-08,1.862645E-09,0.9999999,0.0009091705,-0.01962175,1.383639E-06,0.9998071,-0.003350735,0.2827537,2.479979,187.7008,191.0226,309.7228,131.69,
2021-03-19T18:12:50.1370753+02:00,46.6278,421,421,0,0,1,0,0,0,-100,0,0,0,2,0,0,0,1,0,0,0,0.9986828,-0.0393577,-0.026731,0.002451085,0,-2.328306E-10,1,0.0008709665,-0.01979932,4.201529E-06,0.9998036,0.0009979308,0.283794,2.48001,187.7008,186.0226,304.7228,136.69,
2021-03-19T18:12:50.1375720+02:00,47.092,426,426,0,0,1,1,1,1,-100,-100,-100,-100,2,0,0,2,1,0,0,1,0.9962127,0.002556015,0.0008739068,0.003790937,0,2.793968E-09,1,0.0008118018,-0.01973191,3.156269E-06,0.999805,-0.0034509,0.2824094,2.479891,187.7008,186.0226,309.7227,136.69,
2021-03-19T18:12:50.1380439+02:00,68.9713,431,431,0,0,1,1,0,2,-100,-100,0,-100,1,0,0,0,-1,0,0,0,0.9999395,0.01297598,0.007024573,0.0001694232,-7.450581E-09,2.328306E-10,1,0.0007696747,-0.02088517,1.572467E-05,0.9997816,-0.002067104,0.276173,2.480441,187.7008,181.0226,314.7227,136.69,
2021-03-19T18:12:50.1385637+02:00,65.4741,436,436,0,0,0,1,0,0,0,-100,0,-100,2,0,0,2,1,0,0,1,0.998624,-0.02498114,-0.01636085,0.001822569,3.72529E-09,1.396984E-09,1,0.0008940875,-0.0210075,6.620495E-06,0.9997789,0.0005866438,0.2780039,2.480238,187.7008,181.0226,309.7227,136.69,
2021-03-19T18:12:50.1385637+02:00,65.4709,441,441,0,0,1,0,0,0,-100,0,0,0,2,0,2,0,1,0,1,0,1.00142,0.0237652,0.01565816,-0.001015543,0,9.313226E-10,1,0.0007852638,-0.02097519,9.635108E-06,0.9997797,-0.001223087,0.276923,2.480357,187.7008,176.0226,314.7227,136.6899,
2021-03-19T18:12:50.1390597+02:00,75.8883,446,446,0,0,1,1,1,0,-100,-100,-100,-100,2,0,2,2,1,0,1,1,0.9991436,0.04070468,0.02283142,0.001946981,3.72529E-09,3.72529E-09,1,0.0009144739,-0.02169491,1.35499E-05,0.9997643,-0.001793087,0.2723508,2.480657,187.7008,176.0226,319.7227,141.6899,
2021-03-19T18:12:50.1395554+02:00,57.507,451,451,0,0,1,0,1,0,-100,0,-100,0,0,0,2,2,0,0,1,1,1.006301,0.05904958,0.03489873,-0.0039608,0,2.793968E-09,1,0.000795883,-0.02232512,1.857907E-05,0.9997504,-0.001407892,0.2679566,2.480938,187.7008,171.0226,324.7227,146.69,
2021-03-19T18:12:50.1400526+02:00,68.9445,456,456,0,0,1,1,1,0,-100,-100,-100,-100,1,0,0,0,-1,0,0,0,1.002121,0.0499039,0.02898372,-0.00045836,7.450581E-09,0,1,0.0009506125,-0.02289723,8.195518E-06,0.9997374,-0.0009928644,0.2666973,2.481059,187.7008,166.0226,324.7227,151.69,
2021-03-19T18:12:50.1405478+02:00,66.4956,461,461,0,0,1,0,1,0,-100,0,-100,0,2,0,0,0,1,0,0,0,0.9997911,0.008833221,0.005130774,0.0002610638,0,3.72529E-09,1,0.0009680642,-0.02320508,1.36369E-05,0.9997303,-0.0001881421,0.2649771,2.481193,187.7008,166.0226,319.7227,151.6899,
2021-03-19T18:12:50.1405478+02:00,66.4601,466,466,0,0,1,0,1,0,-100,0,-100,0,2,0,2,0,1,0,1,0,1.001753,0.03886202,0.02212862,-0.000754518,0,4.190952E-09,1,0.0009583678,-0.02343655,1.529964E-05,0.9997249,-0.0008854568,0.2634792,2.481289,187.7008,166.0226,324.7227,151.69,
2021-03-19T18:12:50.1410438+02:00,65.4713,471,471,0,0,1,0,1,0,-100,0,-100,0,2,0,2,0,1,0,1,0,1.004352,0.05988248,0.03345106,-0.002006746,-7.450581E-09,2.328306E-09,1,0.0009489722,-0.02398637,1.768859E-05,0.9997119,-0.001318932,0.2607911,2.481531,187.7008,166.0226,329.7227,156.69,
2021-03-19T18:12:50.1415446+02:00,67.9579,476,476,0,0,1,0,1,0,-100,0,-100,0,1,0,0,0,-1,0,0,0,1.323705,0.01034999,0.05695549,-0.3224386,-7.450581E-09,5.587935E-09,1,0.002409754,-0.03133192,8.45938E-05,0.9995061,-0.01093827,0.2537503,2.494592,187.7008,166.0226,334.7227,161.69,
2021-03-19T18:12:50.1420126+02:00,66.955,481,481,0,0,1,0,0,0,-100,0,0,0,2,0,2,0,1,0,1,0,0.9653605,0.007267082,-0.05792959,0.03640656,1.117587E-08,3.72529E-09,1,0.003388708,-0.03451455,-1.690574E-06,0.9993985,0.0001894087,0.2633672,2.498123,187.7008,166.0226,329.7227,161.69,
2021-03-19T18:12:50.1425325+02:00,64.4857,486,486,0,0,1,0,1,0,-100,0,-100,0,2,0,2,1,1,0,1,-1,1.000412,0.004947407,0.002365882,-0.0003972411,0,5.122274E-09,0.9999999,0.0009681938,-0.03449618,1.816686E-05,0.9994044,-0.0001294911,0.2601265,2.497839,187.7008,166.0226,334.7227,166.69,
2021-03-19T18:12:50.1425325+02:00,65.9631,491,491,0,0,0,0,0,0,0,0,0,0,2,0,0,0,1,0,0,0,1.003463,0.04460816,0.02412573,-0.002180982,1.117587E-08,4.656613E-09,1,0.0009680272,-0.03474014,2.091527E-05,0.9993959,-0.001003966,0.2585104,2.498065,187.7008,171.0226,339.7227,171.69,
2021-03-19T18:12:50.1430289+02:00,70.4024,496,496,0,0,1,1,1,0,-100,-100,-100,-100,1,0,0,2,-1,0,0,1,1.005337,0.05316564,0.02929793,-0.003502982,-1.117587E-08,3.72529E-09,0.9999999,0.0009212227,-0.03533338,2.220852E-05,0.9993752,-0.001252294,0.255834,2.498245,187.7008,171.0226,344.7227,171.69,
2021-03-19T18:12:50.1435235+02:00,64.9763,501,501,0,0,1,0,1,0,-100,0,-100,0,2,0,0,0,1,0,0,0,0.9959124,-0.04119643,-0.02218838,0.005187472,-1.490116E-08,1.862645E-09,1,0.001162732,-0.03543247,1.4359E-05,0.9993714,0.0009161383,0.2570346,2.498147,187.7008,166.0226,339.7227,171.69,
2021-03-19T18:12:50.1440206+02:00,64.0116,506,506,0,0,1,0,1,0,-100,0,-100,0,1,0,0,2,-1,0,0,1,0.9969963,-0.05040479,-0.02749918,0.004658439,3.72529E-09,9.313226E-10,1,0.001136737,-0.03489565,1.533165E-05,0.9993904,0.001191497,0.2591519,2.498181,187.7008,166.0226,344.7227,171.6899,
2021-03-19T18:12:50.1440206+02:00,68.9163,511,511,0,0,1,1,1,1,-100,-100,-100,-100,2,0,2,1,1,0,1,-1,0.9844275,-0.01850571,-0.03568804,0.01639373,-7.450581E-09,-3.259629E-09,1,0.001432472,-0.03434037,-1.566719E-06,0.9994092,0.0004244149,0.2623896,2.497928,187.7008,161.0226,339.7227,171.6899,
2021-03-19T18:12:50.1445209+02:00,65.004,516,516,0,0,1,1,1,0,-100,-100,-100,-100,1,0,2,0,-1,0,1,0,1.0001,-2.168208E-05,-6.245533E-05,-9.989231E-05,-1.117587E-08,0,0.9999999,0.0009430923,-0.03488251,2.762813E-05,0.999391,-0.0003813058,0.2582289,2.498408,187.7008,166.0226,344.7227,176.6899,
2021-03-19T18:12:50.1450116+02:00,68.9162,521,521,0,0,2,0,1,0,100,0,-100,0,1,0,2,1,-1,0,1,-1,1.00077,-0.03116433,-0.01740572,-0.0001331344,-1.117587E-08,-3.259629E-09,1,0.0009528023,-0.03467504,2.554194E-05,0.9993982,0.0008024722,0.2596929,2.498248,187.7008,166.0226,339.7227,181.6899,
2021-03-19T18:12:50.1455091+02:00,65.0036,526,526,0,0,1,0,1,0,-100,0,-100,0,1,0,2,2,-1,0,1,1,1.000836,-0.007681891,-0.004706024,-0.0007949807,3.72529E-09,4.656613E-09,0.9999999,0.0009106486,-0.03445374,5.649104E-06,0.9994059,4.714727E-05,0.2616729,2.497911,187.7008,171.0226,334.7227,186.6899,
2021-03-19T18:12:50.1460038+02:00,68.4611,531,531,0,0,1,0,0,0,-100,0,0,0,1,0,2,0,-1,0,1,0,0.9981915,0.001555116,0.0004850844,0.001809754,1.117587E-08,2.793968E-09,1,0.001065496,-0.03439775,7.763632E-06,0.9994076,-2.254546E-05,0.2617325,2.497907,187.7008,166.0226,329.7227,191.6899,
2021-03-19T18:12:50.1460038+02:00,64.9622,536,536,0,0,1,0,1,0,-100,0,-100,0,2,0,0,0,1,0,0,0,1.000203,-0.001572074,-0.0009495819,-0.0002018575,-1.862645E-08,-4.656613E-10,0.9999999,0.0009515638,-0.03436855,2.336316E-05,0.9994088,0.0001887679,0.2604722,2.498223,187.7008,166.0226,324.7227,196.6899,
2021-03-19T18:12:50.1464995+02:00,67.4526,541,541,0,0,1,1,1,1,-100,-100,-100,-100,0,0,0,2,0,0,0,1,1.001425,0.02266105,0.01246804,-0.001090495,0,9.313226E-10,1,0.0009711004,-0.03449766,1.773875E-05,0.9994043,-0.0004568398,0.2599772,2.498255,187.7008,166.0226,329.7227,196.6899,
2021-03-19T18:12:50.1469969+02:00,64.9793,546,546,0,0,1,1,0,0,-100,-100,0,-100,1,0,0,2,-1,0,0,1,1.004573,-0.03315483,-0.01981488,-0.003830086,0,-9.313226E-10,1,0.0009163836,-0.03440224,2.696565E-05,0.9994076,0.0008305311,0.2599507,2.498443,187.7008,161.0225,329.7227,196.6899,
2021-03-19T18:12:50.1474989+02:00,68.9441,551,551,0,0,1,1,1,0,-100,-100,-100,-100,2,0,2,0,1,0,1,0,0.9995815,-0.09060632,-0.05109624,0.005845674,-3.72529E-09,-2.328306E-09,1,0.001068446,-0.03361399,1.041852E-05,0.9994344,0.002139717,0.2646582,2.49819,187.7008,156.0226,324.7227,196.6899,
2021-03-19T18:12:50.1479879+02:00,65.4764,556,556,0,0,1,0,0,0,-100,0,0,0,1,0,2,0,-1,0,1,0,0.996928,0.001274629,0.0001390145,0.003072807,3.72529E-09,-1.862645E-09,1,0.0009024786,-0.03248645,8.71055E-06,0.9994718,-0.00338684,0.2658025,2.498488,187.7008,156.0226,329.7227,201.6899,
2021-03-19T18:12:50.1479879+02:00,67.4518,561,561,0,0,1,0,1,0,-100,0,-100,0,1,0,0,2,-1,0,0,1,0.9971591,-0.04809476,-0.02830569,0.004403756,-1.117587E-08,4.656613E-09,0.9999999,0.001057866,-0.03270487,4.887506E-06,0.9994645,0.001134664,0.2679148,2.498293,187.7008,156.0226,324.7227,206.6899,
2021-03-19T18:12:50.1484834+02:00,65.9703,566,566,0,0,0,0,1,1,0,0,-100,0,2,0,2,0,1,0,1,0,0.9986809,-0.08822368,-0.05344641,0.006660385,7.450581E-09,5.587935E-09,1,0.001065959,-0.03195154,3.20976E-06,0.9994889,0.002149031,0.2717097,2.497998,187.7008,151.0226,319.7227,206.6899,
2021-03-19T18:12:50.1489830+02:00,64.9458,571,571,0,0,1,0,1,1,-100,0,-100,0,1,0,2,1,-1,0,1,-1,0.9972708,0.002464528,-0.003362768,0.002737839,0,6.984919E-09,0.9999999,0.0008746679,-0.03239374,1.513869E-05,0.9994748,-0.002447218,0.2685378,2.49789,187.7008,151.0225,324.7227,211.6899,
2021-03-19T18:12:50.1494767+02:00,70.4323,576,576,0,0,1,1,1,0,-100,-100,-100,-100,2,0,0,0,1,0,0,0,0.9968477,-0.03603571,-0.0223758,0.004055142,0,9.313226E-10,1,0.001030395,-0.03253469,6.765531E-06,0.9994701,0.0008911788,0.2705977,2.497851,187.7008,156.0225,319.7227,216.69,
2021-03-19T18:12:50.1499740+02:00,65.9679,581,581,0,0,1,0,1,0,-100,0,-100,0,2,0,2,0,1,0,1,0,0.9996552,0.0004694313,-0.0008214834,0.0003452244,7.450581E-09,4.190952E-09,0.9999999,0.000810647,-0.03248006,2.239793E-05,0.9994721,-0.0005220622,0.2679793,2.498312,187.7008,156.0225,324.7227,216.69,
2021-03-19T18:12:50.1499740+02:00,64.4795,586,586,0,0,0,0,1,0,0,0,-100,0,0,0,0,0,0,0,0,0,0.9984808,0.0009446517,-0.0006469682,0.001519875,0,-3.72529E-09,0.9999999,0.0009484645,-0.03298219,1.703141E-05,0.9994555,-0.001154035,0.2653123,2.498217,187.7008,156.0225,329.7227,221.69,
2021-03-19T18:12:50.1504678+02:00,65.9972,591,591,0,0,1,1,0,0,-100,-100,0,-100,2,0,0,0,1,0,0,0,0.999484,-0.005196628,-0.003099447,0.0005343079,-7.450581E-09,0,1,0.0009444418,-0.03308563,1.038924E-05,0.9994521,0.0001280755,0.2659065,2.498101,187.7008,156.0225,329.7226,221.69,
2021-03-19T18:12:50.1509715+02:00,67.9245,596,596,0,0,1,0,1,1,-100,0,-100,0,2,0,2,0,1,0,1,0,1.001561,-0.0001264423,-0.001538715,-0.001559817,-3.72529E-09,4.656613E-10,0.9999999,0.0008241158,-0.03393401,2.83722E-05,0.9994237,-0.0007086396,0.2616937,2.498335,187.7008,156.0225,334.7226,221.69,
2021-03-19T18:12:50.1514607+02:00,65.4711,601,601,0,0,0,0,1,0,0,0,-100,0,2,0,0,0,1,0,0,0,0.9971169,0.002568837,-0.002417776,0.002889318,1.862645E-08,5.122274E-09,1,0.001095017,-0.03454702,9.141125E-06,0.9994025,-0.001832515,0.2611467,2.498001,187.7008,156.0225,339.7226,226.69,
2021-03-19T18:12:50.1519563+02:00,66.985,606,606,0,0,1,0,1,0,-100,0,-100,0,1,0,2,0,-1,0,1,0,0.9997633,0.0002554329,-0.0003166038,0.0002367808,3.72529E-09,-1.862645E-09,1,0.0009384357,-0.03513081,1.71027E-05,0.9993823,-0.0007762015,0.258807,2.498157,187.7008,156.0225,344.7226,226.69,
2021-03-19T18:12:50.1519563+02:00,65.4748,611,611,0,0,2,1,1,0,100,-100,-100,-100,1,0,2,0,-1,0,1,0,1.034857,-0.02082371,-0.0249793,-0.03434558,3.72529E-09,5.587935E-09,0.9999999,0.0009675668,-0.03499974,1.756324E-05,0.9993869,0.002609596,0.2600405,2.498624,187.7008,156.0225,339.7226,231.69,
2021-03-19T18:12:50.1524279+02:00,68.9453,616,616,0,0,1,0,1,1,-100,0,-100,0,0,0,0,0,0,0,0,0,0.9970536,-0.05274269,-0.03118588,0.004830963,3.72529E-09,3.259629E-09,1,0.00108512,-0.03423987,5.307896E-06,0.9994131,0.00122273,0.2632021,2.498252,187.7008,156.0225,334.7226,236.69,
2021-03-19T18:12:50.1529485+02:00,67.9797,621,621,0,0,1,0,1,0,-100,0,-100,0,2,0,0,0,1,0,0,0,0.9885518,0.004431162,-0.009884724,0.01150755,0,9.313226E-10,1,0.001098379,-0.03399998,1.958927E-06,0.9994212,-0.0012808,0.2639827,2.497917,187.7008,156.0225,334.7226,236.69,
2021-03-19T18:12:50.1534442+02:00,64.9753,626,626,0,0,1,0,1,0,-100,0,-100,0,2,0,0,1,1,0,0,-1,1.000043,-1.76372E-05,-6.842931E-06,-4.306074E-05,7.450581E-09,6.519258E-09,0.9999999,0.0008973213,-0.03503218,2.620441E-05,0.9993858,-0.0003041923,0.2597927,2.49826,187.7008,156.0225,339.7226,236.69,
2021-03-19T18:12:50.1539424+02:00,64.4793,631,631,0,0,1,0,1,1,-100,0,-100,0,2,0,2,2,1,0,1,1,1.001531,0.000880938,0.000688808,-0.001530236,-7.450581E-09,0,1,0.0008791008,-0.03548032,2.999353E-05,0.99937,-0.0003689528,0.2578653,2.49843,187.7008,161.0225,344.7226,236.69,
2021-03-19T18:12:50.1539424+02:00,68.4508,636,636,0,0,1,0,1,0,-100,0,-100,0,2,0,2,2,1,0,1,1,1.001303,-0.001352637,0.001576178,-0.00130058,-3.72529E-09,-1.862645E-09,1,0.0010116,-0.03656555,3.272768E-05,0.9993308,-0.0004564375,0.2565413,2.498079,187.7008,156.0225,349.7226,241.69,
2021-03-19T18:12:50.1544360+02:00,64.9781,641,641,0,0,1,0,1,0,-100,0,-100,0,2,0,2,0,1,0,1,0,0.9971897,0.003116732,0.0003538215,0.002815265,7.450581E-09,6.519258E-09,0.9999999,0.001081505,-0.0364453,5.077706E-06,0.9993351,-0.0004517138,0.2578647,2.497884,187.7008,151.0225,354.7226,246.69,
2021-03-19T18:12:50.1549319+02:00,68.9114,646,646,0,0,1,1,1,0,-100,-100,-100,-100,2,0,2,0,1,0,1,0,1.001431,-0.0006314518,-0.0008235087,-0.001430362,-1.862645E-08,-2.328306E-09,1,0.0009590444,-0.03651189,2.362823E-05,0.9993328,0.0001825988,0.2562943,2.498212,187.7008,151.0225,359.7226,251.69,
2021-03-19T18:12:50.1554307+02:00,65.9954,651,651,0,0,1,0,0,0,-100,0,0,0,2,0,2,1,1,0,1,-1,0.9965422,-0.01332189,-0.007915915,0.003578295,0,9.313226E-09,1,0.001108898,-0.03638788,6.737921E-06,0.9993371,0.0003020614,0.2578617,2.498074,187.7008,151.0225,4.722606,256.69,
2021-03-19T18:12:50.1559247+02:00,64.9763,656,656,0,0,1,0,1,0,-100,0,-100,0,2,0,2,0,1,0,1,0,1.002031,-0.0126551,-0.009989121,-0.001900887,3.72529E-09,3.72529E-09,1,0.0009807221,-0.03622596,2.51582E-05,0.9993432,0.0005387813,0.2570337,2.49827,187.7008,156.0225,9.722602,261.69,
2021-03-19T18:12:50.1559247+02:00,76.3849,661,661,0,0,0,0,0,1,0,0,0,0,2,0,0,0,1,0,0,0,0.9789653,-0.002749841,-0.001319481,0.02103947,0,9.313226E-10,1,0.001063743,-0.035728,9.281244E-06,0.999361,-0.001020804,0.2593641,2.497828,187.7008,156.0225,14.7226,266.69,
2021-03-19T18:12:50.1564199+02:00,56.5152,666,666,0,0,1,0,0,1,-100,0,0,0,0,0,2,0,0,0,1,0,0.9974598,-0.05027452,-0.0310044,0.004290537,1.862645E-08,3.259629E-09,1,0.001092444,-0.03561102,4.486526E-06,0.9993652,0.001137242,0.2614742,2.497642,187.7008,156.0225,19.72261,266.69,
2021-03-19T18:12:50.1569167+02:00,68.9444,671,671,0,0,1,1,1,1,-100,-100,-100,-100,2,0,0,0,1,0,0,0,0.9890766,0.001413759,-0.01790744,0.01108647,-7.450581E-09,1.862645E-09,0.9999999,0.001937948,-0.03585341,1.500576E-05,0.9993552,-0.002011046,0.2611543,2.498077,187.7008,156.0225,19.72262,271.6901,
2021-03-19T18:12:50.1574134+02:00,64.5167,676,676,0,0,0,0,0,1,0,0,0,0,2,0,2,0,1,0,1,0,0.9925203,-0.05874513,-0.03867441,0.009974835,-3.72529E-09,2.793968E-09,0.9999999,0.001228524,-0.03581779,-8.457167E-06,0.9993576,0.001333922,0.2650259,2.497512,187.7008,156.0225,24.72262,271.69,
2021-03-19T18:12:50.1579089+02:00,68.4388,681,681,0,0,1,0,1,1,-100,0,-100,0,2,2,2,0,1,1,1,0,0.9867117,-0.05549837,-0.05796623,0.01655721,-7.450581E-09,-1.862645E-09,1,0.001410892,-0.03533629,-1.080214E-05,0.9993745,0.001304656,0.267449,2.497333,187.7008,156.0224,29.72261,276.69,
2021-03-19T18:12:50.1579089+02:00,64.9751,686,686,0,0,0,0,1,0,0,0,-100,0,2,0,0,0,1,0,0,0,0.9859441,-0.02850601,0.0116717,0.01453723,-7.450581E-09,3.72529E-09,1,0.001111121,-0.03439743,2.616109E-05,0.9994076,-0.00096865,0.2675118,2.497252,182.7008,156.0224,34.72261,281.69,
2021-03-19T18:12:50.1584042+02:00,69.4129,691,691,0,0,1,1,1,0,-100,-100,-100,-100,1,0,2,0,-1,0,1,0,0.9979783,-0.07346463,-0.05402034,0.00619651,-3.72529E-09,0,1,0.001043378,-0.03414886,-2.891793E-06,0.9994162,0.001780868,0.2729274,2.496516,182.7008,156.0224,39.72262,281.69,
2021-03-19T18:12:50.1588998+02:00,65.4991,696,696,0,0,1,0,0,1,-100,0,0,0,2,2,0,2,1,1,0,1,1.006124,-0.008279491,0.006143218,-0.006071557,-3.72529E-09,1.862645E-09,1,0.003642433,-0.03451238,8.047513E-05,0.9993976,-0.0008077621,0.2640413,2.498337,182.7008,156.0224,34.72262,286.6901,
2021-03-19T18:12:50.1593986+02:00,65.9683,701,701,0,0,0,0,0,1,0,0,0,0,2,0,0,1,1,0,0,-1,0.9812831,-0.07086813,-0.08442964,0.02492778,-1.490116E-08,-7.450581E-09,0.9999999,0.002483319,-0.03373995,-2.204206E-05,0.9994276,0.001470804,0.2754459,2.496928,177.7008,151.0224,39.72263,286.6901,
2021-03-19T18:12:50.1598922+02:00,68.9438,706,706,0,0,1,0,1,1,-100,0,-100,0,2,0,2,0,1,0,1,0,0.9990296,-0.08542003,-0.06198387,0.006560696,-7.450581E-09,2.793968E-09,0.9999999,0.001012025,-0.032892,-4.710441E-06,0.9994584,0.002155155,0.2787858,2.496472,177.7008,156.0224,44.72263,286.69,
2021-03-19T18:12:50.1598922+02:00,63.984,711,711,0,0,1,0,0,0,-100,0,0,0,2,0,0,1,1,0,0,-1,0.9979327,-0.05784938,-0.04404732,0.004719723,3.72529E-09,6.053597E-09,1,0.000931712,-0.03207177,-3.716531E-06,0.9994851,0.00148651,0.2825187,2.496292,177.7008,156.0224,49.72263,291.69,
2021-03-19T18:12:50.1603875+02:00,69.4401,716,716,0,0,1,0,2,0,-100,0,100,0,2,0,0,0,1,0,0,0,0.9983668,-0.05466799,-0.04219439,0.004024421,-1.490116E-08,-6.984919E-10,1,0.0008931397,-0.03139716,-2.44129E-06,0.9995066,0.001448452,0.285644,2.496117,177.7008,161.0224,54.72261,291.69,
2021-03-19T18:12:50.1608832+02:00,63.9565,721,721,0,0,1,0,0,0,-100,0,0,0,2,0,0,1,1,0,0,-1,1.04138,-0.05318349,-0.005656471,-0.04000528,-1.117587E-08,-3.72529E-09,1,0.0009236097,-0.0307228,2.247102E-05,0.9995275,0.001399681,0.2866457,2.496716,177.7008,161.0224,59.72261,291.69,
2021-03-19T18:12:50.1613799+02:00,68.9677,726,726,0,0,1,0,0,1,-100,0,0,0,2,2,2,0,1,1,1,0,1.397429,-0.03984942,0.04069699,-0.3962677,3.72529E-09,1.862645E-09,0.9999999,0.005203377,-0.01800871,0.0001059778,0.9998243,0.03117573,0.2817493,2.51458,177.7008,166.0224,64.7226,291.69,
2021-03-19T18:12:50.1618769+02:00,66.4398,731,731,0,0,1,0,0,0,-100,0,0,0,2,2,2,0,1,1,1,0,1.018083,-0.0445873,-0.04163401,-0.0162541,9.313226E-10,-4.656613E-10,0.9999999,0.001123554,0.00563651,4.353103E-06,0.9999835,0.001122028,0.2918088,2.533698,172.7008,166.0224,69.72262,296.69,
2021-03-19T18:12:50.1618769+02:00,64.5077,736,736,0,0,1,2,1,0,-100,100,-100,100,2,2,2,2,1,1,1,1,1.020513,0.03019036,-0.02169975,-0.01983518,0,-9.313226E-10,0.9999999,-0.001103673,0.005470929,2.115906E-06,0.9999844,-0.002506278,0.287399,2.532494,167.7009,166.0224,74.72265,301.69,
2021-03-19T18:12:50.1623720+02:00,65.9693,741,741,0,0,1,1,1,0,-100,-100,-100,-100,0,0,2,1,0,0,1,-1,1.035323,0.06047731,-0.02270272,-0.03330544,2.793968E-09,0,0.9999999,-0.0002437636,0.004098016,-8.446474E-06,0.9999916,-0.003793336,0.2754516,2.534284,162.7009,161.0224,79.72266,306.69,
2021-03-19T18:12:50.1628696+02:00,67.951,746,746,0,0,1,1,1,0,-100,-100,-100,-100,2,0,0,2,1,0,0,1,1.014379,0.03561041,0.0003698949,-0.01375378,-1.396984E-09,1.164153E-10,1,0.0004279001,0.00281447,2.443264E-06,0.9999959,-0.002445027,0.2738068,2.533685,162.7008,166.0224,79.72268,311.69,
2021-03-19T18:12:50.1633633+02:00,65.4721,751,751,0,0,1,0,1,1,-100,0,-100,0,2,0,2,1,1,0,1,-1,0.9995285,0.009871451,0.00681106,0.0005435644,-1.396984E-09,-1.164153E-10,0.9999999,0.0009015358,0.002420106,6.998563E-06,0.9999967,-0.0002159923,0.2737371,2.533827,162.7008,161.0224,84.72269,311.69,
2021-03-19T18:12:50.1638616+02:00,67.9531,756,756,0,0,1,1,1,0,-100,-100,-100,-100,2,0,0,0,1,0,0,0,1.012845,0.02381841,-0.01712086,-0.01242057,2.328306E-10,-1.164153E-10,0.9999999,0.0005178397,0.002053119,5.350384E-06,0.9999978,-0.002087153,0.27002,2.53371,162.7008,166.0224,89.72271,316.69,
2021-03-19T18:12:50.1638616+02:00,126.9722,761,761,0,0,1,0,1,0,-100,0,-100,0,2,0,0,0,1,0,0,0,0.999521,0.007925405,0.005023828,0.0005230134,-6.984919E-10,-4.656613E-10,1,0.0009333232,0.00180496,8.933357E-06,0.999998,-0.0001939908,0.2691707,2.534179,162.7008,166.0224,94.72272,316.69,
2021-03-19T18:12:50.1643553+02:00,38.6929,766,766,0,0,1,1,1,0,-100,-100,-100,-100,2,0,2,0,1,0,1,0,0.9992846,0.005339459,0.003500351,0.0007358263,-1.396984E-09,-5.820766E-10,1,0.0009509824,0.001759376,9.273156E-06,0.999998,-0.000100024,0.2688917,2.534177,162.7008,166.0224,99.72271,316.69,
2021-03-19T18:12:50.1648521+02:00,38.1886,771,771,0,0,1,0,1,0,-100,0,-100,0,0,0,0,0,0,0,0,0,1.012945,0.02260946,-0.008295379,-0.01265837,0,-3.49246E-10,1,0.0005571148,0.001682828,5.317261E-06,0.9999985,0.0002117604,0.2633755,2.535125,162.7008,166.0224,104.7227,321.69,
2021-03-19T18:12:50.1653529+02:00,63.9576,776,776,0,0,1,0,1,0,-100,0,-100,0,2,2,0,1,1,1,0,-1,0.9989001,0.01277858,0.008008088,0.001213755,-2.328306E-10,-2.328306E-10,1,0.001000074,0.001860664,1.13722E-05,0.9999978,-0.0002386272,0.2645294,2.534949,162.7008,166.0224,104.7227,321.6899,
2021-03-19T18:12:50.1653529+02:00,66.4951,781,781,0,0,1,0,1,0,-100,0,-100,0,2,0,2,0,1,0,1,0,1.160738,0.01479131,0.01116449,-0.1605897,-1.396984E-09,-1.862645E-09,1,0.003610783,-0.005359202,2.300038E-05,0.9999791,-0.01477017,0.260928,2.541314,157.7008,171.0224,109.7227,321.6899,
2021-03-19T18:12:50.1658462+02:00,65.4684,786,786,0,0,1,1,0,1,-100,-100,0,-100,2,0,1,1,1,0,-1,-1,1.060234,0.02988914,-0.04442097,-0.05888117,1.862645E-09,1.164153E-09,1,-7.789105E-05,-0.01100439,4.819068E-06,0.9999394,0.0009903312,0.2595749,2.548127,157.7008,171.0224,114.7227,326.6899,
2021-03-19T18:12:50.1663397+02:00,65.4707,791,791,0,0,2,0,0,0,100,0,0,0,2,0,0,1,1,0,0,-1,1.004459,-0.08297463,-0.05124639,0.0002862925,5.587935E-09,0,1,0.000940719,-0.0103138,1.174561E-05,0.9999464,0.001893967,0.2639168,2.548218,157.7008,176.0224,119.7227,321.6899,
2021-03-19T18:12:50.1668354+02:00,68.4482,796,796,0,0,1,1,1,0,-100,-100,-100,-100,2,0,0,1,1,0,0,-1,0.9782066,-0.02683278,0.021884,0.02240632,-1.862645E-09,-1.629815E-09,1,-0.0006257044,-0.009332329,-1.869908E-05,0.9999563,0.0004900843,0.2672397,2.546916,157.7008,181.0224,124.7227,321.6899,
2021-03-19T18:12:50.1673319+02:00,64.9735,801,801,0,0,1,0,0,2,-100,0,0,0,2,0,0,1,1,0,0,-1,1.027308,0.01386119,-0.01261843,-0.02713712,0,2.328306E-10,1,-0.001963672,-0.009187284,-1.70055E-05,0.9999559,-0.0005307645,0.2627129,2.547596,157.7008,186.0224,129.7227,321.6899,
2021-03-19T18:12:50.1673319+02:00,69.4355,806,806,0,0,1,0,1,0,-100,0,-100,0,2,0,2,1,1,0,1,-1,1.017867,0.021081,-0.0172884,-0.01750214,-2.793968E-09,-2.328306E-10,1,-0.0004850292,-0.009299639,2.405056E-06,0.9999567,-0.0004928112,0.2625784,2.548702,157.7008,191.0224,134.7227,321.6899,
2021-03-19T18:12:50.1678273+02:00,65.9832,811,811,0,0,1,0,1,1,-100,0,-100,0,2,0,2,1,1,0,1,-1,1.025885,0.0293556,-0.02498722,-0.02516009,-2.793968E-09,2.910383E-10,1,-0.0002920098,-0.009160164,-1.03573E-06,0.999958,-0.001574993,0.2600396,2.549395,157.7008,196.0224,139.7227,326.6899,
2021-03-19T18:12:50.1683242+02:00,65.9673,816,816,0,0,1,1,1,1,-100,-100,-100,-100,2,0,0,2,1,0,0,1,1.11232,-0.004270322,0.02537072,-0.1120225,0,0,0.9999999,-0.001910353,-0.009276547,-5.59537E-05,0.9999552,0.005847201,0.2628699,2.556532,157.7008,201.0224,144.7227,331.6899,
2021-03-19T18:12:50.1687967+02:00,64.9694,821,821,0,0,1,1,0,0,-100,-100,0,-100,2,0,2,0,1,0,1,0,1.050396,0.01375259,-0.03201244,-0.04981843,-2.793968E-09,-4.656613E-10,0.9999999,-0.003485443,-0.007969482,-5.042344E-05,0.9999622,0.00487408,0.254222,2.562523,157.7008,196.0224,149.7227,331.6899,
2021-03-19T18:12:50.1692927+02:00,69.4391,826,826,0,0,1,0,1,0,-100,0,-100,0,0,0,0,0,0,0,0,0,1.056738,0.02851388,-0.009773805,-0.0563079,-9.313226E-10,-2.328306E-10,1,-0.00144081,-0.006954104,-2.348642E-05,0.9999748,-0.001242623,0.2546999,2.56475,157.7008,196.0224,154.7227,336.6899,
2021-03-19T18:12:50.1697886+02:00,64.9753,831,831,0,0,1,0,1,1,-100,0,-100,0,2,0,0,1,1,0,0,-1,0.9945042,-0.005072305,0.003135924,0.005513694,1.862645E-09,4.656613E-10,1,-0.003008677,-0.005377437,-4.990229E-05,0.999981,-0.0001018792,0.2541275,2.565396,157.7008,196.0224,154.7227,336.6899,
2021-03-19T18:12:50.1697886+02:00,68.9443,836,836,0,0,2,0,0,0,100,0,0,0,2,2,0,0,1,1,0,0,0.9888054,-0.0373151,0.04432264,0.01289351,-2.793968E-09,-9.313226E-10,1,-0.005259021,-0.004210032,-9.618385E-05,0.9999773,0.002403662,0.2570335,2.566311,157.7008,201.0224,159.7228,336.6899,
2021-03-19T18:12:50.1702846+02:00,64.9728,841,841,0,0,1,0,1,1,-100,0,-100,0,2,0,2,0,1,0,1,0,0.979408,-0.02346896,0.02179863,0.021116,0,3.72529E-09,1,-0.009008873,-0.003213888,-0.0001402467,0.9999543,0.0005649179,0.2515807,2.565481,152.7008,201.0224,164.7228,336.6899,
2021-03-19T18:12:50.1707806+02:00,64.9797,846,846,0,0,0,0,1,1,0,0,-100,0,0,0,2,0,0,0,1,0,1.007315,0.01192617,-0.006067604,-0.007225674,0,0,1,-0.01177431,-0.00107507,-0.0001946924,0.9999301,0.0009605885,0.2466217,2.565495,152.7008,201.0224,169.7228,341.6899,
2021-03-19T18:12:50.1712767+02:00,68.9166,851,851,0,0,0,1,1,0,0,-100,-100,-100,2,0,0,1,1,0,0,-1,1.061187,0.0278502,-0.04103049,-0.06002756,-1.862645E-09,0,0.9999999,-0.01155418,0.0004689057,-0.000205498,0.9999331,0.001377851,0.2412119,2.567894,152.7008,201.0224,169.7228,346.6899,
2021-03-19T18:12:50.1717727+02:00,70.9536,856,856,0,0,1,0,1,1,-100,0,-100,0,2,2,2,0,1,1,1,0,1.129277,-0.001230821,-0.004040985,-0.1292694,0,0,0.9999999,-0.009315058,-0.001456563,-0.0001579907,0.9999555,-0.001478568,0.2476502,2.577082,152.7008,206.0224,174.7228,346.6899,
2021-03-19T18:12:50.1717727+02:00,62.002,861,861,0,0,1,1,1,0,-100,-100,-100,-100,1,0,0,1,-1,0,0,-1,1.147154,-0.03992261,0.03464554,-0.1459354,-1.862645E-09,-3.72529E-09,1,-0.01457974,-0.002432375,-0.0002747376,0.9998907,0.003043786,0.2445002,2.586926,147.7008,206.0224,179.7228,351.6899,
2021-03-19T18:12:50.1722689+02:00,65.9416,866,866,0,0,1,1,1,0,-100,-100,-100,-100,1,0,2,0,-1,0,1,0,1.11474,-0.03465731,0.05097744,-0.1130344,1.862645E-09,3.72529E-09,1,-0.01826255,-0.0004312968,-0.0003638735,0.9998331,0.008493036,0.2445934,2.594643,147.7008,211.0224,174.7228,351.6899,
2021-03-19T18:12:50.1727649+02:00,67.9811,871,871,0,0,0,0,0,1,0,0,0,0,1,0,1,1,-1,0,-1,-1,1.028421,0.0183078,-0.007968961,-0.02822747,-2.793968E-09,-7.450581E-09,1,-0.02380183,0.006664568,-0.0004754043,0.9996943,0.005415536,0.2350934,2.599189,147.7008,211.0224,169.7228,356.6899,
2021-03-19T18:12:50.1732607+02:00,65.9613,876,876,0,0,1,1,1,1,-100,-100,-100,-100,1,0,2,0,-1,0,1,0,1.040713,-0.01052734,-4.995265E-05,-0.04066014,2.561137E-09,0,1,-0.02437902,0.0108142,-0.0005047218,0.9996442,0.007002771,0.2376958,2.603398,147.7008,216.0224,164.7228,351.6898,
2021-03-19T18:12:50.1737567+02:00,63.988,881,881,0,0,1,1,0,0,-100,-100,0,-100,2,0,0,1,1,0,0,-1,1.039268,0.001039937,0.001831917,-0.0392658,-2.866727E-09,7.450581E-09,0.9999999,-0.02977223,0.01578452,-0.000595094,0.9994319,0.001350246,0.2311956,2.607393,147.7008,216.0224,159.7228,356.6899,
2021-03-19T18:12:50.1742526+02:00,67.4554,886,886,0,0,1,0,1,1,-100,0,-100,0,2,0,2,1,1,0,1,-1,1.021206,-0.04348664,0.05402235,-0.01884868,4.889444E-09,0,0.9999999,-0.03408906,0.01958239,-0.0007227033,0.9992267,0.007947363,0.2339659,2.610217,147.7007,221.0225,164.7228,356.6899,
2021-03-19T18:12:50.1742526+02:00,68.9441,891,891,0,0,1,1,0,1,-100,-100,0,-100,2,0,2,0,1,0,1,0,1.034432,-0.0625437,0.08651734,-0.028908,2.793968E-09,0,0.9999999,-0.0447461,0.02624171,-0.0009622494,0.9986532,0.0120424,0.2297892,2.611541,147.7008,226.0225,169.7228,1.689866,
2021-03-19T18:12:50.1747487+02:00,64.9496,896,896,0,0,1,1,1,0,-100,-100,-100,-100,2,0,2,0,1,0,1,0,1.010714,0.005755977,-0.01250458,-0.01062032,-1.862645E-09,0,1,-0.05206289,0.03062281,-0.001042923,0.9981737,-0.001245856,0.2129648,2.61204,147.7008,226.0225,174.7228,6.689867,
2021-03-19T18:12:50.1752447+02:00,64.9982,901,901,0,0,1,0,1,0,-100,0,-100,0,2,0,2,1,1,0,1,-1,1.238973,0.05387018,-0.1210957,-0.2318638,2.793968E-09,7.450581E-09,1,-0.04536261,0.02842669,-0.0008905474,0.9985657,-0.01168749,0.2073822,2.618828,147.7007,226.0225,179.7228,11.68987,
2021-03-19T18:12:50.1757407+02:00,68.4249,906,906,0,0,0,1,0,0,0,-100,0,-100,2,0,0,0,1,0,0,0,1.15622,0.007037431,-0.0003545955,-0.1561985,-3.259629E-09,0,1,-0.04226417,0.0241808,-0.001022556,0.9988133,0.009268016,0.225713,2.627728,147.7007,231.0225,184.7227,16.68987,
2021-03-19T18:12:50.1762367+02:00,65.9916,911,911,0,0,1,0,0,1,-100,0,0,0,2,0,2,0,1,0,1,0,1.021988,0.02145,0.007262238,-0.02173721,0,7.450581E-09,1,-0.04577276,0.03050886,-0.001101863,0.9984853,0.004237715,0.2216851,2.632164,147.7007,231.0225,189.7227,16.68988,
2021-03-19T18:12:50.1762367+02:00,68.9474,916,916,0,0,1,0,1,0,-100,0,-100,0,0,0,2,0,0,0,1,0,1.010486,0.005068812,-0.01602259,-0.01034616,-1.490116E-08,-2.235174E-08,1,-0.04515675,0.03182751,-0.001104074,0.9984722,0.003898423,0.221844,2.633606,147.7007,231.0225,194.7227,21.68988,
2021-03-19T18:12:50.1767326+02:00,65.4731,921,921,0,0,1,1,0,1,-100,-100,0,-100,1,0,2,2,-1,0,1,1,1.012599,0.01254357,-0.01316684,-0.01243594,5.587935E-09,0,0.9999999,-0.04270467,0.03439778,-0.0009868558,0.9984949,-0.0008252207,0.2251742,2.636114,147.7007,231.0225,194.7227,26.68989,
2021-03-19T18:12:50.1772287+02:00,64.9818,926,926,0,0,1,0,1,1,-100,0,-100,0,1,0,2,0,-1,0,1,0,1.086813,-0.009151489,-0.1233727,-0.07974936,7.450581E-09,1.490116E-08,1,-0.03914805,0.03634049,-0.001046269,0.9985719,0.0004671244,0.2232759,2.640642,147.7007,226.0225,189.7227,31.68988,
2021-03-19T18:12:50.1777247+02:00,69.4349,931,931,0,0,0,0,0,0,0,0,0,0,2,0,2,0,1,0,1,0,1.191775,0.007930432,-0.1007094,-0.187486,9.313226E-09,1.490116E-08,0.9999999,-0.03049453,0.02880451,-0.0007619815,0.9991195,0.0009812471,0.2367797,2.649843,147.7007,226.0225,184.7227,36.6899,
2021-03-19T18:12:50.1782207+02:00,66.4619,936,936,0,0,1,0,0,0,-100,0,0,0,1,0,2,1,-1,0,1,-1,1.097181,-0.02405752,-0.05885579,-0.09533686,1.862645E-09,0,1,-0.02807868,0.02732914,-0.0007040618,0.9992318,0.004128868,0.2451271,2.658422,147.7007,226.0225,189.7227,41.68988,
2021-03-19T18:12:50.1782207+02:00,65.9682,941,941,0,0,1,0,0,0,-100,0,0,0,0,0,2,2,0,0,1,1,0.9926237,-0.005124987,0.0340572,0.007974,-7.450581E-09,7.450581E-09,0.9999999,-0.02754585,0.03189509,-0.0005959981,0.9991114,0.004284907,0.257501,2.660373,147.7007,231.0225,184.7227,46.68988,
2021-03-19T18:12:50.1787167+02:00,64.9756,946,946,0,0,0,0,0,0,0,0,0,0,1,0,2,0,-1,0,1,0,1.039153,-0.05806386,-0.0877714,-0.03381022,1.117587E-08,-7.450581E-09,1,-0.02961478,0.03504094,-0.0007316681,0.9989467,0.0032795,0.2506582,2.66272,147.7007,226.0226,184.7227,51.68989,
2021-03-19T18:12:50.1792127+02:00,68.4485,951,951,0,0,1,0,1,0,-100,0,-100,0,1,2,2,0,-1,1,1,0,1.064337,-0.1116447,-0.1437417,-0.04866002,-3.72529E-09,-7.450581E-09,1,-0.02661763,0.03691013,-0.0006495658,0.9989638,0.004469212,0.2585623,2.665802,147.7007,226.0225,179.7227,56.68989,
2021-03-19T18:12:50.1797087+02:00,65.9402,956,956,0,0,1,2,0,0,-100,100,0,100,2,0,2,1,1,0,1,-1,1.084289,-0.02276588,-0.01744317,-0.08390943,-3.72529E-09,0,0.9999999,-0.02189066,0.04018425,-0.0004669835,0.9989524,0.003126405,0.2732885,2.669984,142.7007,226.0225,174.7227,61.68991,
2021-03-19T18:12:50.1802047+02:00,66.4917,961,961,0,0,1,0,1,1,-100,0,-100,0,2,0,2,1,1,0,1,-1,1.029334,-0.09815602,-0.09481978,-0.02024689,0,3.72529E-09,1,-0.02168079,0.04273963,-0.0004403099,0.9988509,0.006016962,0.2796843,2.671891,142.7007,231.0225,179.7227,66.68991,
2021-03-19T18:12:50.1802047+02:00,68.9434,966,966,0,0,0,1,1,0,0,-100,-100,-100,2,0,2,0,1,0,1,0,1.051926,-0.1703077,-0.1351046,-0.02921817,0,-1.117587E-08,0.9999999,-0.02379272,0.04428848,-0.0004033944,0.9987354,0.007118233,0.2892798,2.672662,142.7007,236.0225,184.7227,71.68993,
2021-03-19T18:12:50.1807007+02:00,64.9483,971,971,0,0,1,1,1,0,-100,-100,-100,-100,2,2,2,0,1,1,1,0,1.01923,-0.05081675,-0.05021709,-0.01672252,0,0,1,-0.02456533,0.04772051,-0.0003671655,0.9985586,0.0037027,0.2949991,2.675856,142.7007,236.0226,189.7227,76.68996,
2021-03-19T18:12:50.1811967+02:00,65.328,976,976,0,0,0,1,1,0,0,-100,-100,-100,0,1,2,2,0,-1,1,1,1.06999,-0.09970211,-0.1675005,-0.05208456,-2.235174E-08,-7.450581E-09,1,-0.0244274,0.05032056,-0.0004391704,0.9984342,0.006731465,0.3002007,2.678625,137.7007,236.0226,194.7227,81.68998,
2021-03-19T18:12:50.1816927+02:00,68.9427,981,981,0,0,0,0,1,2,0,0,-100,0,1,0,2,2,-1,0,1,1,1.138009,-0.1131959,-0.278679,-0.09753764,1.490116E-08,3.72529E-09,1,-0.01876435,0.05270263,-0.0004850882,0.9984338,0.004169896,0.3095689,2.683906,142.7007,231.0226,194.7227,86.68998,
2021-03-19T18:12:50.1821888+02:00,65.4715,986,986,0,0,1,0,1,2,-100,0,-100,0,2,2,2,0,1,1,1,0,1.042432,0.03519706,-0.05936476,-0.04014465,7.450581E-09,1.862645E-09,0.9999999,-0.001042718,0.05420562,-0.0001648587,0.9985293,-0.0008313805,0.3375734,2.689476,142.7007,226.0226,189.7227,91.68997,
2021-03-19T18:12:50.1821888+02:00,66.9611,991,991,0,0,1,1,0,0,-100,-100,0,-100,2,0,2,1,1,0,1,-1,1.009537,-0.05670665,-0.06245549,-0.006006381,-4.470348E-08,6.402843E-10,1,0.0001335092,0.0545702,-1.480878E-05,0.9985099,0.001546085,0.3477153,2.688841,137.7007,226.0226,194.7227,96.68999,
2021-03-19T18:12:50.1826849+02:00,65.4737,996,996,0,0,1,1,0,0,-100,-100,0,-100,2,0,2,2,1,0,1,1,1.037471,-0.1445088,-0.163265,-0.01430129,-2.235174E-08,-1.629815E-09,1,-0.0002608656,0.05548938,-4.909141E-05,0.9984593,0.004258215,0.3557169,2.689483,137.7007,231.0226,199.7227,101.69,
2021-03-19T18:12:50.1831808+02:00,65.9669,1001,1001,0,0,1,1,1,1,-100,-100,-100,-100,2,0,2,1,1,0,1,-1,1.039793,-0.1397571,-0.1750502,-0.01537921,-7.450581E-09,-2.328306E-10,0.9999999,-0.0003231441,0.05663719,-5.604763E-05,0.9983948,0.00431031,0.3682632,2.690405,137.7007,226.0226,204.7228,106.69,
2021-03-19T18:12:50.1836752+02:00,68.4415,1006,1006,0,0,1,1,1,2,-100,-100,-100,-100,2,0,2,2,1,0,1,1,1.037392,-0.1294839,-0.1771212,-0.01392484,-2.235174E-08,-6.111804E-10,1,-0.0003639298,0.05765508,-5.611031E-05,0.9983365,0.004322439,0.3810552,2.69112,137.7007,231.0226,209.7228,111.6899,
2021-03-19T18:12:50.1841727+02:00,65.4481,1011,1011,0,0,1,0,0,0,-100,0,0,0,2,2,2,1,1,1,1,-1,1.000394,-0.00262481,-0.01604189,-0.000261528,1.490116E-08,9.094947E-13,1,-1.66002E-05,0.05852374,-1.145818E-06,0.9982861,0.0001825094,0.3921369,2.691061,137.7007,226.0226,214.7228,116.69,
2021-03-19T18:12:50.1846688+02:00,66.4638,1016,1016,0,0,1,2,0,1,-100,100,0,100,2,2,0,0,1,1,0,0,1.000007,-4.700647E-05,-3.983065E-05,-7.258277E-06,0,0,0.9999999,1.95986E-06,0.05852363,-1.252175E-08,0.9982861,1.102686E-06,0.3922735,2.691054,132.7007,231.0226,219.7228,121.69,
2021-03-19T18:12:50.1846688+02:00,66.4923,1021,1021,0,0,0,0,1,0,0,0,-100,0,2,2,1,2,1,1,-1,1,1.000014,-1.7312E-05,-8.322291E-06,-1.437272E-05,-1.490116E-08,4.547474E-13,1,1.290812E-06,0.0585233,-2.788477E-08,0.9982861,-5.960464E-07,0.3922727,2.691054,127.7006,231.0226,224.7228,121.69,
2021-03-19T18:12:50.1851647+02:00,69.9318,1026,1026,0,0,1,0,0,0,-100,0,0,0,2,0,0,0,1,0,0,0,1.014497,0.001568462,0.03728227,-0.01381044,1.490116E-08,0,1,0.001952309,0.05801501,-5.065218E-05,0.9983138,0.0001467168,0.3875136,2.692412,122.7006,226.0226,229.7228,116.69,
2021-03-19T18:12:50.1856607+02:00,64.9517,1031,1031,0,0,1,1,0,0,-100,-100,0,-100,0,0,2,0,0,0,1,0,1.03141,0.003844688,0.0771402,-0.02851383,7.450581E-09,-3.710738E-10,1,5.582149E-05,0.05805991,-0.0001367212,0.9983131,2.05636E-06,0.3850772,2.692884,122.7006,226.0226,234.7228,116.69,
2021-03-19T18:12:50.1861567+02:00,64.9769,1036,1036,0,0,1,0,1,0,-100,0,-100,0,2,0,1,0,1,0,-1,0,1.017204,0.009782284,0.03483324,-0.01656044,-7.450581E-09,0,1,0.001530835,0.05824462,-7.160764E-05,0.9983012,4.583597E-05,0.3868678,2.693029,122.7006,226.0226,234.7228,121.69,
2021-03-19T18:12:50.1861567+02:00,75.8865,1041,1041,0,0,1,0,1,0,-100,0,-100,0,2,1,1,2,1,-1,-1,1,1.445594,0.05355756,0.3891507,-0.3911992,-1.490116E-08,0,0.9999999,0.01566625,0.07105815,-0.0004763648,0.997349,0.03084728,0.3462879,2.711458,122.7006,226.0226,239.7228,116.69,
2021-03-19T18:12:50.1866526+02:00,57.5636,1046,1046,0,0,1,1,0,2,-100,-100,0,-100,2,0,0,1,1,0,0,-1,1.200801,-0.1127933,0.1679028,-0.1836426,-4.470348E-08,0,1,0.03337288,0.09253262,0.0003183573,0.9951502,0.01776862,0.3557795,2.72399,127.7006,221.0226,244.7228,111.69,
2021-03-19T18:12:50.1871487+02:00,68.9166,1051,1051,0,0,1,0,1,0,-100,0,-100,0,2,0,0,0,1,0,0,0,1.128159,-0.1253573,-0.1210246,-0.1146213,0,0,1,0.02694914,0.109581,0.001285352,0.9936116,0.02306557,0.3819937,2.730357,127.7006,226.0226,249.7228,111.69,
2021-03-19T18:12:50.1876449+02:00,66.9886,1056,1056,0,0,1,1,1,0,-100,-100,-100,-100,2,1,1,0,1,-1,-1,0,0.9634982,0.01048404,-0.05472554,0.03811435,-5.960464E-08,1.629815E-09,1,0.001737823,0.1303051,0.0002710234,0.9914724,-0.0004309416,0.3688805,2.740262,127.7006,226.0226,254.7228,111.69,
2021-03-19T18:12:50.1881407+02:00,65.9683,1061,1061,0,0,1,0,1,0,-100,0,-100,0,0,0,1,2,0,0,-1,1,1.014228,0.04413747,0.07726658,-0.01031733,2.980232E-08,-9.138603E-09,1,0.0008619419,0.130398,0.0001327192,0.9914613,-0.0001140237,0.3643469,2.740843,132.7007,226.0226,259.7229,106.69,
2021-03-19T18:12:50.1881407+02:00,64.9489,1066,1066,0,0,1,1,0,0,-100,-100,0,-100,2,0,0,0,1,0,0,0,0.9869794,0.09527977,0.1227293,0.02532693,0,1.717126E-09,1,0.001093718,0.1301601,0.0002058238,0.9914924,-0.002970576,0.3580294,2.739792,132.7006,221.0226,259.7228,101.69,
2021-03-19T18:12:50.1886367+02:00,65.472,1071,1071,0,0,1,1,1,0,-100,-100,-100,-100,2,1,0,0,1,-1,0,0,1.008394,0.07286489,0.05788562,-0.004090641,1.490116E-08,-6.635673E-09,1,0.001463308,0.1298976,0.0001792655,0.9915264,0.001717806,0.3499056,2.73964,132.7006,221.0226,264.7228,101.6899,
2021-03-19T18:12:50.1891326+02:00,68.9714,1076,1076,0,0,1,0,1,1,-100,0,-100,0,0,0,2,0,0,0,1,0,0.9901441,0.04591496,0.05446102,0.01242157,-2.980232E-08,4.598405E-09,1,0.00074907,0.1303212,0.0001187894,0.9914715,-0.001422346,0.34484,2.739441,137.7006,221.0226,269.7228,101.6899,
2021-03-19T18:12:50.1896286+02:00,64.9483,1081,1081,0,0,1,1,1,0,-100,-100,-100,-100,2,0,2,0,1,0,1,0,0.9980402,0.00681959,0.007523184,0.002011449,2.980232E-08,-6.635673E-09,1,0.0005577368,0.1300667,2.99136E-05,0.9915051,-0.0001453161,0.3412006,2.739618,137.7006,221.0226,269.7228,106.6899,
2021-03-19T18:12:50.1901246+02:00,68.9719,1086,1086,0,0,1,1,1,1,-100,-100,-100,-100,1,0,2,0,-1,0,1,0,0.9955506,-0.0001424667,0.002005099,0.004451451,0,-8.323696E-09,0.9999999,0.001278093,0.129677,0.0002217821,0.9915555,-0.006533384,0.338315,2.738094,137.7006,221.0226,274.7228,111.6899,
2021-03-19T18:12:50.1901246+02:00,65.4715,1091,1091,0,0,1,1,1,0,-100,-100,-100,-100,2,0,2,0,1,0,1,0,1.020189,-0.0625016,-0.06762542,-0.01602463,1.490116E-08,-1.606531E-08,0.9999999,-1.994443E-05,0.1291627,-0.0001211948,0.9916234,0.001903534,0.3343891,2.739462,137.7006,221.0226,269.7228,116.6899,
2021-03-19T18:12:50.1906208+02:00,66.4363,1096,1096,0,0,1,1,1,1,-100,-100,-100,-100,1,0,2,0,-1,0,1,0,0.9976133,-0.001137869,-0.001904187,0.002389188,-4.470348E-08,-1.006993E-08,1,0.001318362,0.1294292,0.000235157,0.9915878,-0.006372154,0.3386013,2.738116,137.7006,221.0226,274.7228,121.6899,
2021-03-19T18:12:50.1911166+02:00,67.4859,1101,1101,0,0,1,0,1,0,-100,0,-100,0,2,0,2,0,1,0,1,0,1.019643,-0.06138592,-0.06567839,-0.01567215,-1.490116E-08,-3.783498E-09,1,-7.747029E-06,0.1289373,-0.0001177756,0.9916528,0.001809835,0.3344512,2.739513,137.7006,221.0226,269.7228,126.6899,
2021-03-19T18:12:50.1916127+02:00,65.4701,1106,1106,0,0,1,1,1,0,-100,-100,-100,-100,2,0,0,0,1,0,0,0,0.9984527,6.37637E-05,-0.002068185,0.00154952,-5.960464E-08,-2.852175E-09,1,0.001323411,0.1291984,0.0002356903,0.9916179,-0.005677402,0.3386327,2.738296,137.7006,221.0226,274.7228,131.6899,
2021-03-19T18:12:50.1921090+02:00,65.444,1111,1111,0,0,1,1,1,1,-100,-100,-100,-100,2,1,2,0,1,-1,1,0,1.033167,0.01150447,0.0717978,-0.03060543,4.470348E-08,1.012813E-08,1,0.00138847,0.1276196,-0.0002100684,0.9918222,-0.004931629,0.3192064,2.738971,137.7006,221.0226,279.7228,131.6899,
2021-03-19T18:12:50.1921090+02:00,66.4912,1116,1116,0,0,1,0,1,0,-100,0,-100,0,0,0,2,0,0,0,1,0,1.124075,0.05219956,-0.003109343,-0.1228583,-2.980232E-08,-1.722947E-08,0.9999999,0.003742103,0.1243973,8.432589E-05,0.9922255,-0.008687973,0.3164442,2.740282,142.7005,221.0226,284.7228,136.6899,
2021-03-19T18:12:50.1926049+02:00,69.4403,1121,1121,0,0,1,1,1,0,-100,-100,-100,-100,2,0,2,0,1,0,1,0,0.9954125,-0.01238028,-0.009670541,0.004711457,5.960464E-08,2.211891E-09,1,0.000687397,0.121771,5.032824E-05,0.992558,0.0002002716,0.3175491,2.741825,142.7005,221.0225,284.7228,141.6899,
2021-03-19T18:12:50.1931009+02:00,64.9754,1126,1126,0,0,1,1,1,0,-100,-100,-100,-100,2,0,2,1,1,0,1,-1,1.004006,0.008138987,-0.004462573,-0.003963287,-5.960464E-08,-1.97906E-09,0.9999999,0.001363311,0.1210383,0.0001770359,0.9926469,-0.001081467,0.3120286,2.740936,142.7005,221.0225,289.7228,146.6899,
2021-03-19T18:12:50.1935967+02:00,64.9493,1131,1131,0,0,1,1,0,1,-100,-100,0,-100,1,0,1,0,-1,0,-1,0,1.015276,-0.01954077,0.02657007,-0.01473989,1.490116E-08,0,1,0.00644723,0.1193533,-2.380817E-05,0.9928309,-0.005849481,0.2960743,2.742704,142.7005,226.0226,294.7228,151.6899,
2021-03-19T18:12:50.1940926+02:00,69.4402,1136,1136,0,0,1,1,1,1,-100,-100,-100,-100,2,0,2,0,1,0,1,0,1.001504,-0.08366313,-0.1657495,0.01585625,-1.490116E-08,-2.793968E-09,1,0.004729943,0.1197097,0.0002601187,0.9927977,0.004816264,0.3091988,2.742439,142.7005,226.0226,289.7228,146.6899,
2021-03-19T18:12:50.1940926+02:00,64.4796,1141,1141,0,0,1,1,1,0,-100,-100,-100,-100,1,0,1,0,-1,0,-1,0,1.032373,-0.002121551,0.02152981,-0.03214638,2.980232E-08,9.313226E-10,1,0.004856811,0.1206521,-9.347571E-06,0.992683,-0.0008034706,0.2974695,2.743741,142.7005,226.0226,294.7228,151.6899,
2021-03-19T18:12:50.1945887+02:00,65.9954,1146,1146,0,0,1,1,1,0,-100,-100,-100,-100,2,0,0,0,1,0,0,0,1.063309,-0.08776274,-0.1123635,-0.05370648,-4.470348E-08,-7.683411E-09,1,0.001945275,0.1211873,-0.0001206798,0.9926277,-0.003082156,0.3021289,2.744226,142.7005,226.0226,289.7228,146.6899,
2021-03-19T18:12:50.1950847+02:00,69.4125,1151,1151,0,0,1,0,1,0,-100,0,-100,0,2,2,2,1,1,1,1,-1,1.061208,-0.02344522,0.06765664,-0.05879006,-4.470348E-08,-7.683411E-09,1,0.003232322,0.1194058,-0.0002780599,0.9928402,-0.001931936,0.2920156,2.745695,142.7005,226.0226,294.7228,146.6898,
2021-03-19T18:12:50.1955806+02:00,65.4719,1156,1156,0,0,1,0,1,0,-100,0,-100,0,2,0,2,1,1,0,1,-1,1.080089,-0.03801947,0.161067,-0.06733564,1.490116E-08,-7.450581E-09,1,0.01438619,0.1173598,-0.0008105744,0.992985,-0.00438121,0.2632162,2.749362,137.7005,231.0226,299.7228,151.6898,
2021-03-19T18:12:50.1960767+02:00,67.4562,1161,1161,0,0,1,1,1,0,-100,-100,-100,-100,2,0,2,1,1,0,1,-1,1.151047,0.01406034,-0.001345345,-0.1509605,2.980232E-08,-2.235174E-08,1,0.03256202,0.1165305,-0.000524408,0.9926531,0.004472554,0.2435387,2.754509,137.7005,236.0226,304.7228,156.6898,
2021-03-19T18:12:50.1960767+02:00,65.4712,1166,1166,0,0,1,1,1,2,-100,-100,-100,-100,2,0,2,0,1,0,1,0,1.151158,0.07480147,-0.03563421,-0.1481727,-2.980232E-08,1.490116E-08,0.9999999,0.05163077,0.1202068,-0.0002651517,0.9914054,0.002253175,0.2228757,2.762272,137.7005,241.0226,309.7228,161.6899,
2021-03-19T18:12:50.1965726+02:00,65.9682,1171,1171,0,0,1,0,1,0,-100,0,-100,0,2,0,2,0,1,0,1,0,1.181157,-0.00335788,-0.005854873,-0.1811376,2.980232E-08,-1.490116E-08,1,0.07378644,0.1269055,0.001288828,0.9891658,0.01191711,0.2350881,2.771557,137.7005,241.0226,314.7228,166.6899,
2021-03-19T18:12:50.1970685+02:00,65.9956,1176,1176,0,0,1,1,1,0,-100,-100,-100,-100,2,0,2,0,1,0,1,0,1.138636,0.03600497,-0.0175093,-0.1379322,2.980232E-08,-1.490116E-08,0.9999999,0.07779311,0.1359942,0.001574481,0.9876494,0.008837461,0.2335231,2.780867,137.7005,241.0226,319.7228,171.6899,
2021-03-19T18:12:50.1975646+02:00,69.4133,1181,1181,0,0,1,1,1,0,-100,-100,-100,-100,2,0,2,1,1,0,1,-1,1.187017,0.06074874,-0.0270655,-0.1851526,2.980232E-08,-4.470348E-08,0.9999999,0.08060732,0.1440299,0.001856663,0.9862831,0.01335347,0.2278433,2.791908,137.7005,241.0226,324.7228,176.6899,
2021-03-19T18:12:50.1980606+02:00,64.9996,1186,1186,0,0,1,1,1,0,-100,-100,-100,-100,2,0,2,0,1,0,1,0,1.131242,0.09606847,-0.05819371,-0.1256524,-8.940697E-08,1.490116E-08,1,0.08733188,0.1511357,0.001324818,0.9846469,0.003183126,0.1996159,2.80151,137.7005,246.0226,329.7228,181.6899,
2021-03-19T18:12:50.1980606+02:00,68.4233,1191,1191,0,0,1,1,1,1,-100,-100,-100,-100,1,2,2,0,-1,1,1,0,1.167145,-0.01042333,0.01445697,-0.1670084,0,0,1,0.1037639,0.1560387,0.002685114,0.9822819,0.008623719,0.2078866,2.810773,137.7005,246.0226,334.7228,186.6899,
2021-03-19T18:12:50.1985567+02:00,64.4803,1196,1196,0,0,1,0,1,1,-100,0,-100,0,1,0,2,0,-1,0,1,0,1.071468,-0.06689489,-0.04264837,-0.06852729,5.960464E-08,-2.980232E-08,1,0.1074276,0.1628876,0.002832819,0.9807746,0.00383383,0.2156077,2.816841,132.7005,246.0226,329.7228,191.6899,
2021-03-19T18:12:50.1990527+02:00,66.9598,1201,1201,0,0,1,1,1,1,-100,-100,-100,-100,2,1,2,0,1,-1,1,0,1.095707,-0.05889193,-0.02430893,-0.09385304,-2.980232E-08,0,0.9999999,0.1094229,0.1673599,0.002811281,0.9798007,0.006132007,0.2159701,2.82187,132.7005,246.0226,324.7228,196.6899,
2021-03-19T18:12:50.1995487+02:00,65.999,1206,1206,0,0,0,1,1,1,0,-100,-100,-100,1,0,2,0,-1,0,1,0,1.063263,-0.02986808,-0.01703426,-0.06270698,5.960464E-08,-2.980232E-08,1,0.1108792,0.1714506,0.003424416,0.9789274,0.009657025,0.2214799,2.826342,137.7005,246.0226,329.7227,201.6899,
2021-03-19T18:12:50.2000448+02:00,67.4531,1211,1211,0,0,2,1,1,1,100,-100,-100,-100,2,1,0,0,1,-1,0,0,1.011224,-0.042837,-0.07957051,-0.007177984,0,2.980232E-08,0.9999999,0.1073896,0.176423,0.002739239,0.9784349,0.000883162,0.2230572,2.828708,137.7005,246.0226,324.7227,206.6899,
2021-03-19T18:12:50.2000448+02:00,66.9319,1216,1216,0,0,1,1,1,0,-100,-100,-100,-100,2,0,2,1,1,0,1,-1,0.9496484,0.01317894,-0.03430032,0.05106274,-2.980232E-08,1.490116E-08,1,0.1054206,0.1762884,0.003120216,0.9786721,0.001262188,0.2270678,2.827257,142.7005,246.0226,329.7227,206.6899,
2021-03-19T18:12:50.2005406+02:00,67.9791,1221,1221,0,0,1,1,1,1,-100,-100,-100,-100,1,0,2,0,-1,0,1,0,1.008755,0.07661825,-0.05404369,-0.004387805,5.960464E-08,-2.980232E-08,0.9999999,0.1075417,0.1714125,0.00164609,0.9793109,-0.01048285,0.1905228,2.828438,142.7005,251.0226,334.7228,211.6899,
2021-03-19T18:12:50.2010367+02:00,65.968,1226,1226,0,0,1,0,0,1,-100,0,0,0,2,1,2,0,1,-1,1,0,1.104886,0.03268636,-0.074536,-0.1018842,-2.980232E-08,-1.490116E-08,1,0.1200137,0.1692991,0.002667345,0.9782267,-0.004975438,0.199725,2.83391,142.7005,251.0227,329.7227,216.6899,
2021-03-19T18:12:50.2015326+02:00,65.9409,1231,1231,0,0,1,1,0,1,-100,-100,0,-100,1,0,1,0,-1,0,-1,0,1.113216,-0.01301488,0.05017188,-0.112009,-2.980232E-08,-1.490116E-08,0.9999999,0.1285094,0.1673431,0.003850684,0.9774799,0.00553149,0.2025257,2.838758,147.7005,251.0227,334.7228,221.6899,
2021-03-19T18:12:50.2020291+02:00,65.4998,1236,1236,0,0,1,1,1,1,-100,-100,-100,-100,1,1,2,1,-1,-1,1,-1,1.052999,-0.057037,-0.02294404,-0.05120306,0,0,1,0.1320995,0.1704515,0.003562794,0.9764647,-0.002462208,0.2045883,2.843348,147.7005,251.0227,329.7228,216.6899,
2021-03-19T18:12:50.2020291+02:00,76.8516,1241,1241,0,0,1,1,1,0,-100,-100,-100,-100,2,1,2,0,1,-1,1,0,1.106126,-0.01187041,-0.04163828,-0.1052785,0,0,1,0.1349256,0.1724996,0.003355452,0.9757191,-0.003705263,0.2012964,2.848696,152.7004,256.0227,324.7228,221.6899,
2021-03-19T18:12:50.2025247+02:00,58.0321,1246,1246,0,0,1,2,1,1,-100,100,-100,100,1,0,2,0,-1,0,1,0,1.098861,-0.02722011,0.007201757,-0.09850035,2.980232E-08,0,1,0.143739,0.1731717,0.004861916,0.9743341,0.009412825,0.2059648,2.856113,157.7005,256.0227,329.7228,226.6899,
2021-03-19T18:12:50.2030210+02:00,65.0035,1251,1251,0,0,0,1,1,0,0,-100,-100,-100,2,0,1,1,1,0,-1,-1,1.020507,-0.07759099,-0.067462,-0.01531422,0,-2.980232E-08,1,0.1430731,0.1796694,0.004654167,0.9732561,0.005119443,0.2119918,2.859673,157.7005,256.0228,324.7228,231.6899,
2021-03-19T18:12:50.2035166+02:00,68.9435,1256,1256,0,0,1,1,0,1,-100,-100,0,-100,0,0,2,0,0,0,1,0,1.051084,0.04103696,-0.0454577,-0.04929884,5.960464E-08,-2.980232E-08,1,0.1472905,0.1803197,0.003397271,0.9725116,-0.005888104,0.1794941,2.86586,157.7005,261.0228,329.7227,226.6898,
2021-03-19T18:12:50.2040126+02:00,64.9489,1261,1261,0,0,1,0,0,1,-100,0,0,0,2,0,2,0,1,0,1,0,1.129236,0.007260827,-0.05938962,-0.1276495,-5.960464E-08,2.980232E-08,1,0.1609072,0.1772865,0.004457145,0.970906,0.0008240938,0.1846625,2.87185,157.7005,261.0228,329.7227,231.6899,
2021-03-19T18:12:50.2040126+02:00,65.9968,1266,1266,0,0,1,1,0,1,-100,-100,0,-100,0,1,2,0,0,-1,1,0,1.103979,-0.0315294,0.04059383,-0.1027815,0,0,1,0.1700788,0.178467,0.004990752,0.9691222,0.0001839399,0.1872288,2.876947,157.7005,261.0228,334.7228,236.6899,
2021-03-19T18:12:50.2045086+02:00,67.4576,1271,1271,0,0,1,1,1,1,-100,-100,-100,-100,2,0,2,0,1,0,1,0,1.062287,-0.04500587,-0.001020704,-0.06133306,-2.980232E-08,-2.980232E-08,1,0.1768106,0.1800084,0.005427712,0.9676288,0.0007946491,0.1910948,2.881128,162.7005,261.0229,334.7228,241.6899,
2021-03-19T18:12:50.2050046+02:00,66.9295,1276,1276,0,0,1,0,1,0,-100,0,-100,0,2,2,0,1,1,1,0,-1,1.194869,-0.01564006,0.0481392,-0.1937968,-2.980232E-08,0,0.9999999,0.1824639,0.1816632,0.006610252,0.9662617,0.01220155,0.1941853,2.887803,162.7005,261.0229,339.7228,246.6899,
2021-03-19T18:12:50.2055006+02:00,66.4915,1281,1281,0,0,1,1,1,1,-100,-100,-100,-100,0,1,1,1,0,-1,-1,-1,1.396633,0.1694609,0.01096202,-0.3862712,2.980232E-08,2.980232E-08,1,0.1837076,0.1959646,0.007930458,0.9632168,0.02874649,0.1908464,2.904955,157.7005,266.0229,344.7228,246.6899,
2021-03-19T18:12:50.2059966+02:00,68.9163,1286,1286,0,0,1,1,1,1,-100,-100,-100,-100,0,0,2,0,0,0,1,0,1.414156,0.250993,-0.1387887,-0.3847665,0,0,1,0.1882943,0.2173292,0.006988198,0.9577392,0.01419473,0.1618331,2.934783,162.7005,271.0229,344.7228,241.6899,
2021-03-19T18:12:50.2059966+02:00,65.4993,1291,1291,0,0,1,1,1,1,-100,-100,-100,-100,1,0,1,0,-1,0,-1,0,2.144734,0.6619596,-0.03384227,-1.039743,-8.940697E-08,0,0.9999999,0.1946554,0.2497828,0.01571021,0.9484045,0.05690372,0.2023175,2.989331,162.7004,271.0229,344.7228,246.6899,
2021-03-19T18:12:50.2064927+02:00,64.9757,1296,1296,0,0,1,1,1,0,-100,-100,-100,-100,0,0,2,1,0,0,1,-1,2.137754,0.7377246,-0.1718744,-0.9990535,8.940697E-08,-5.960464E-08,1,0.191852,0.2887735,0.01700889,0.9378238,0.04650462,0.1854092,3.060853,162.7005,271.0229,339.7228,241.6899,
2021-03-19T18:12:50.2069887+02:00,69.4402,1301,1301,0,0,1,0,2,1,-100,0,100,0,1,0,2,0,-1,0,1,0,1.922584,0.6228725,-0.04316971,-0.8183771,-5.960464E-08,5.960464E-08,1,0.1966397,0.316462,0.0189844,0.9278061,0.02374327,0.1681631,3.126988,162.7004,276.0229,339.7228,246.6899,
2021-03-19T18:12:50.2074846+02:00,65.4734,1306,1306,0,0,1,2,1,2,-100,100,-100,100,0,0,2,0,0,0,1,0,1.866619,0.6678914,-0.0717175,-0.7415633,-1.192093E-07,2.980232E-08,1,0.1868882,0.3327024,0.02365529,0.9240251,0.01341581,0.1931754,3.180302,162.7004,276.0228,334.7228,251.6899,
2021-03-19T18:12:50.2079807+02:00,66.4632,1311,1311,0,0,1,0,2,2,-100,0,100,0,1,0,2,0,-1,0,1,0,1.842292,0.7209207,-0.1018159,-0.6923195,-2.980232E-08,0,1,0.1624763,0.3441948,0.02468467,0.9244036,0.01701522,0.187219,3.232189,162.7004,276.0228,334.7228,256.6899,
2021-03-19T18:12:50.2079807+02:00,65.9396,1316,1316,0,0,0,2,1,0,0,100,-100,100,2,0,1,1,1,0,-1,-1,1.75115,0.6940029,-0.1743574,-0.5982763,-1.490116E-07,1.490116E-08,1,0.134648,0.3583544,0.02292959,0.9235401,0.02068377,0.1704575,3.278562,162.7004,276.0228,329.7228,261.6899,
2021-03-19T18:12:50.2084767+02:00,65.9989,1321,1321,0,0,0,1,2,1,0,-100,100,-100,1,0,2,0,-1,0,1,0,1.725249,0.709727,-0.1765464,-0.5625631,-5.960464E-08,1.490116E-08,1,0.1201849,0.3697618,0.01954458,0.9211134,0.008405447,0.1189207,3.320992,162.7004,281.0228,334.7228,256.6899,
2021-03-19T18:12:50.2089727+02:00,67.9208,1326,1326,0,0,0,2,1,1,0,100,-100,100,0,0,0,0,0,0,0,0,1.725695,0.7181956,-0.2057376,-0.5555997,-2.980232E-08,1.490116E-08,1,0.1157431,0.3752468,0.02025598,0.9194472,0.002784252,0.1178332,3.358934,162.7004,281.0227,329.7228,261.69,
2021-03-19T18:12:50.2174036+02:00,66.465,1331,1331,0,0,1,1,2,0,-100,-100,100,-100,0,0,0,2,0,0,0,1,1.763986,0.7336879,-0.2500424,-0.5845597,1.490116E-07,0,1,0.123199,0.3733247,0.0217838,0.9192259,-0.009027243,0.1091173,3.397449,162.7004,281.0227,329.7228,261.6899,
2021-03-19T18:12:50.2179000+02:00,68.4746,1336,1336,0,0,2,2,1,2,100,100,-100,100,1,2,0,0,-1,1,0,0,1.791282,0.6989613,-0.469124,-0.5811597,-5.960464E-08,-2.980232E-08,1,0.1409029,0.3668894,0.02848508,0.9190904,0.00237143,0.1409349,3.435191,162.7004,276.0227,329.7228,261.6899,
2021-03-19T18:12:50.2179000+02:00,65.472,1341,1341,0,0,0,0,2,1,0,0,100,0,2,0,2,1,1,0,1,-1,1.641412,0.6388832,-0.2184864,-0.4961031,1.192093E-07,-1.490116E-08,1,0.1417676,0.3641286,0.03168239,0.9199503,-0.01010489,0.1578751,3.470277,157.7004,276.0226,324.7228,261.6899,
2021-03-19T18:12:50.2183956+02:00,66.4649,1346,1346,0,0,1,1,0,0,-100,-100,0,-100,0,0,1,1,0,0,-1,-1,1.616421,0.6334093,-0.1629071,-0.4781979,-2.086163E-07,1.490116E-08,1,0.1287547,0.3569475,0.03103456,0.9246879,-0.0233953,0.1401772,3.50676,157.7004,281.0226,329.7228,266.6899,
2021-03-19T18:12:50.2188915+02:00,65.4437,1351,1351,0,0,1,1,0,1,-100,-100,0,-100,0,1,0,2,0,-1,0,1,1.634071,0.6311325,-0.1846324,-0.495918,-1.490116E-07,2.980232E-08,1,0.1177259,0.345279,0.02836388,0.9306549,-0.02185357,0.1011498,3.543586,157.7004,286.0226,329.7228,261.6899,
2021-03-19T18:12:50.2193878+02:00,66.0001,1356,1356,0,0,0,1,2,0,0,-100,100,-100,1,0,2,1,-1,0,1,-1,1.74066,0.6968037,-0.2352581,-0.5776616,-1.788139E-07,1.490116E-08,1,0.1191981,0.3349784,0.03103788,0.9341402,-0.01336014,0.1213668,3.580215,162.7003,281.0226,329.7228,261.6899,
2021-03-19T18:12:50.2198839+02:00,69.9335,1361,1361,0,0,1,0,1,1,-100,0,-100,0,1,0,1,0,-1,0,-1,0,1.657265,0.6048587,-0.2050048,-0.5292635,-2.980232E-08,0,1,0.1214104,0.3246531,0.0322108,0.9374553,-0.02801013,0.1054906,3.619224,162.7003,286.0226,324.7228,266.6899,
2021-03-19T18:12:50.2198839+02:00,64.4843,1366,1366,0,0,1,1,0,1,-100,-100,0,-100,2,2,2,0,1,1,1,0,1.71085,0.6039739,-0.218992,-0.5856435,-5.960464E-08,0,1,0.1196032,0.3103507,0.03351366,0.9424725,-0.02754211,0.1121526,3.658471,162.7003,286.0226,319.7227,261.6899,
2021-03-19T18:12:50.2203797+02:00,66.9602,1371,1371,0,0,0,0,1,2,0,0,-100,0,0,0,0,0,0,0,0,0,1.83206,0.6606698,-0.1918432,-0.6979852,8.940697E-08,-5.960464E-08,1,0.1204061,0.2972275,0.03794267,0.9464241,-0.01494062,0.1319481,3.705435,157.7003,286.0226,324.7227,266.6899,
2021-03-19T18:12:50.2208757+02:00,65.4377,1376,1376,0,0,1,0,1,2,-100,0,-100,0,1,0,0,1,-1,0,0,-1,1.757582,0.6037405,-0.1883838,-0.6398487,0,-2.980232E-08,0.9999999,0.1096387,0.2888687,0.03558095,0.9504042,-0.01066244,0.119727,3.753059,157.7003,286.0225,324.7227,266.6899,
2021-03-19T18:12:50.2214226+02:00,69.4397,1381,1381,0,0,1,2,0,0,-100,100,0,100,1,0,2,1,-1,0,1,-1,1.720928,0.5639313,-0.1785659,-0.616072,2.086163E-07,-4.470348E-08,1,0.1005691,0.2858761,0.03258362,0.9524175,-0.009645939,0.0894987,3.7982,157.7003,291.0225,319.7227,266.6899,
2021-03-19T18:12:50.2218677+02:00,64.0114,1386,1386,0,0,0,1,2,0,0,-100,100,-100,1,1,0,0,-1,-1,0,0,1.814194,0.595322,-0.1322466,-0.7086265,1.788139E-07,-2.980232E-08,1,0.09075643,0.2884655,0.03269462,0.9526185,0.005035639,0.1013809,3.845572,157.7003,296.0225,314.7227,271.6899,
2021-03-19T18:12:50.2218677+02:00,69.4433,1391,1391,0,0,0,1,0,2,0,-100,0,-100,1,0,1,2,-1,0,-1,1,1.75094,0.5490063,-0.1196829,-0.6583301,5.960464E-08,-3.72529E-08,1,0.07237273,0.2927186,0.02760237,0.9530562,0.002927303,0.1097419,3.891942,162.7003,296.0225,309.7227,271.6899,
2021-03-19T18:12:50.2223636+02:00,65.9648,1396,1396,0,0,0,1,0,1,0,-100,0,-100,2,0,0,2,1,0,0,1,1.678416,0.4914765,-0.3682121,-0.5620347,0,0,1,0.06082328,0.2957077,0.02457801,0.9530233,0.009246469,0.1314124,3.933315,162.7003,291.0225,304.7227,266.6899,
2021-03-19T18:12:50.2228601+02:00,65.4718,1401,1401,0,0,0,1,0,2,0,-100,0,-100,1,2,2,2,-1,1,1,1,1.624474,0.5200858,-0.1876377,-0.5274879,2.980232E-08,-1.490116E-08,1,0.05760005,0.2977951,0.02359432,0.9525984,0.004840612,0.1347811,3.97115,162.7003,286.0225,309.7227,266.6899,
2021-03-19T18:12:50.2233556+02:00,66.9599,1406,1406,0,0,1,1,2,1,-100,-100,100,-100,0,1,1,0,0,-1,-1,0,1.567685,0.4510067,-0.4337175,-0.4373995,-5.960464E-08,-1.490116E-08,1,0.05338759,0.3007062,0.02214527,0.9519639,0.009058714,0.1516221,4.00349,157.7003,281.0224,304.7227,271.6899,
2021-03-19T18:12:50.2238518+02:00,65.4447,1411,1411,0,0,0,2,2,0,0,100,100,100,0,2,0,1,0,1,0,-1,1.628068,0.5340569,-0.08777697,-0.5354756,-2.980232E-08,0,1,0.04907743,0.3010114,0.01927435,0.9521618,-0.0007967949,0.1339016,4.036455,162.7003,281.0224,304.7227,266.6899,
2021-03-19T18:12:50.2238518+02:00,67.988,1416,1416,0,0,0,1,1,0,0,-100,-100,-100,0,0,1,2,0,0,-1,1,1.581324,0.4819261,-0.08307519,-0.5038058,1.490116E-07,-1.490116E-08,1,0.04922781,0.3000993,0.01877499,0.9524519,-0.004625678,0.1064579,4.070995,157.7003,286.0224,304.7227,266.6899,
2021-03-19T18:12:50.2243475+02:00,66.4599,1421,1421,0,0,0,2,0,0,0,100,0,100,1,0,1,2,-1,0,-1,1,1.555074,0.4460363,-0.3184165,-0.4553068,0,0,1,0.057588,0.2978045,0.02418489,0.9525813,-0.001129985,0.1398477,4.102464,157.7003,281.0224,304.7227,261.6899,
2021-03-19T18:12:50.2248435+02:00,67.4484,1426,1426,0,0,2,1,1,1,100,-100,-100,-100,0,0,1,2,0,0,-1,1,1.526931,0.4281716,-0.3651646,-0.4194512,-8.940697E-08,7.450581E-09,1,0.06277601,0.2957007,0.02574708,0.952868,-0.005976081,0.1526683,4.13107,157.7003,276.0224,299.7227,256.6899,
2021-03-19T18:12:50.2253399+02:00,64.9787,1431,1431,0,0,1,2,1,2,-100,100,-100,100,1,0,2,1,-1,0,1,-1,1.518228,0.4864219,-0.1261831,-0.4326509,-8.940697E-08,-7.450581E-09,1,0.07219744,0.2893668,0.02922733,0.9540441,-0.02323174,0.1637856,4.157911,157.7003,271.0224,299.7227,251.69,
2021-03-19T18:12:50.2258357+02:00,75.3928,1436,1436,0,0,2,1,1,1,100,-100,-100,-100,0,0,0,0,0,0,0,0,1.467819,0.3954416,-0.1466863,-0.4059164,-1.192093E-07,0,1,0.07292289,0.280584,0.03003149,0.956584,-0.007642388,0.1553373,4.184001,157.7003,276.0224,294.7227,256.69,
2021-03-19T18:12:50.2258357+02:00,60.015,1441,1441,0,0,0,1,1,1,0,-100,-100,-100,2,0,0,0,1,0,0,0,1.45891,0.3566703,-0.1090647,-0.410429,-2.980232E-08,0,0.9999999,0.08409195,0.2723691,0.03595024,0.9578367,-0.02666724,0.1662333,4.210679,157.7003,276.0224,294.7227,256.69,
2021-03-19T18:12:50.2263316+02:00,65.9746,1446,1446,0,0,0,0,1,1,0,0,-100,0,1,0,2,1,-1,0,1,-1,1.538145,0.3637734,-0.1408547,-0.4878572,0,-1.490116E-08,0.9999999,0.09864493,0.2569574,0.04323375,0.9604025,-0.02036142,0.1585942,4.242216,157.7003,276.0223,299.7227,256.69,
2021-03-19T18:12:50.2268278+02:00,65.958,1451,1451,0,0,1,2,2,1,-100,100,100,100,0,1,2,1,0,-1,1,-1,1.683533,0.4605116,-0.04792912,-0.6186154,0,0,0.9999998,0.08543076,0.250476,0.04111189,0.9634694,-0.02064252,0.1995017,4.283086,157.7003,281.0223,294.7227,261.69,
2021-03-19T18:12:50.2273236+02:00,66.4639,1456,1456,0,0,1,1,2,1,-100,-100,100,-100,2,0,1,1,1,0,-1,-1,1.696801,0.4682354,-0.08899088,-0.6284873,-2.980232E-08,-1.490116E-08,0.9999999,0.05693135,0.2397741,0.02944561,0.9687106,-0.0224005,0.1928811,4.328999,162.7003,286.0223,294.7227,266.69,
2021-03-19T18:12:50.2278195+02:00,66.4773,1461,1461,0,0,1,0,1,0,-100,0,-100,0,0,1,1,2,0,-1,-1,1,1.717191,0.4585889,-0.04669448,-0.6541641,-1.490116E-07,2.235174E-08,1,0.03267922,0.2273045,0.0178819,0.973111,-0.02497268,0.1548724,4.377474,162.7003,291.0223,299.7227,261.69,
2021-03-19T18:12:50.2278195+02:00,65.9586,1466,1466,0,0,1,1,1,1,-100,-100,-100,-100,2,0,0,2,1,0,0,1,1.749602,0.4611742,-0.2868558,-0.6631714,5.960464E-08,-9.313226E-09,1,0.01378715,0.2168926,0.009228463,0.9760545,-0.009887457,0.1706798,4.423903,167.7003,286.0223,299.7227,256.69,
2021-03-19T18:12:50.2283155+02:00,66.4629,1471,1471,0,0,1,1,1,1,-100,-100,-100,-100,2,0,2,0,1,0,1,0,1.731158,0.4767792,-0.16977,-0.6555259,-8.940697E-08,-2.04891E-08,1,0.002993046,0.2103882,0.003294518,0.9776078,-0.01627874,0.1604338,4.469728,167.7003,281.0223,304.7227,256.69,
2021-03-19T18:12:50.2288117+02:00,65.9397,1476,1476,0,0,1,1,1,0,-100,-100,-100,-100,1,0,1,0,-1,0,-1,0,1.780495,0.4978979,-0.05166969,-0.7086805,2.980232E-08,3.72529E-09,1,-0.003611326,0.2029254,-0.0009831392,0.9791871,-0.01061416,0.1337336,4.516335,167.7003,281.0222,309.7227,261.69,
2021-03-19T18:12:50.2293075+02:00,66.984,1481,1481,0,0,0,1,1,1,0,-100,-100,-100,1,1,0,2,-1,-1,0,1,1.723333,0.4167621,-0.1812862,-0.662324,1.490116E-07,1.862645E-09,1,-0.01343714,0.1978508,-0.006573778,0.980118,-0.006038904,0.1317424,4.562138,167.7003,281.0222,304.7227,256.69,
2021-03-19T18:12:50.2298035+02:00,66.9363,1486,1486,0,0,0,0,2,2,0,0,100,0,1,1,0,0,-1,-1,0,0,1.770437,0.3753118,-0.4356086,-0.6744652,-5.960464E-08,-3.72529E-09,0.9999999,-0.01739822,0.1959633,-0.008817687,0.9804173,-0.005795598,0.1527575,4.608101,172.7003,276.0222,299.7227,256.69,
2021-03-19T18:12:50.2302993+02:00,68.9438,1491,1491,0,0,1,0,0,1,-100,0,0,0,2,0,0,1,1,0,0,-1,1.601837,0.3346832,-0.04979951,-0.5656912,5.960464E-08,0,1,-0.0202785,0.1937303,-0.01107203,0.9807827,-0.001190424,0.1546088,4.64903,177.7003,276.0222,294.7227,256.69,
2021-03-19T18:12:50.2302993+02:00,66.4912,1496,1496,0,0,2,2,1,1,100,100,-100,100,2,1,0,2,1,-1,0,1,1.63499,0.3405015,0.01174955,-0.5990974,-8.940697E-08,-1.117587E-08,1,-0.01549473,0.1933506,-0.009200113,0.9809642,-0.001023889,0.1179919,4.684273,177.7003,281.0221,299.7227,256.69,
2021-03-19T18:12:50.2307959+02:00,65.9405,1501,1501,0,0,0,1,0,1,0,-100,0,-100,0,0,0,0,0,0,0,0,1.538082,0.2916517,-0.2450049,-0.4901708,-2.980232E-08,1.303852E-08,0.9999999,-0.001720997,0.1901994,-0.001432056,0.9817429,-0.02102017,0.1306151,4.71864,182.7003,276.0221,304.7227,256.6901,
2021-03-19T18:12:50.2312919+02:00,64.5088,1506,1506,0,0,1,0,0,1,-100,0,0,0,2,0,2,1,1,0,1,-1,1.561823,0.3139108,-0.03639451,-0.5295182,-8.940697E-08,1.396984E-08,1,0.007150209,0.1803251,0.002814309,0.9835771,-0.02402294,0.1187666,4.752351,182.7003,276.0221,304.7227,256.6901,
2021-03-19T18:12:50.2317882+02:00,67.427,1511,1511,0,0,0,1,1,0,0,-100,-100,-100,2,2,1,1,1,1,-1,-1,1.611926,0.2967702,-0.0596914,-0.583247,-2.980232E-08,1.490116E-08,1,0.02180723,0.1681741,0.01043638,0.9854608,-0.01867688,0.08194213,4.786954,182.7003,281.0221,309.7227,261.6901,
2021-03-19T18:12:50.2322844+02:00,65.4723,1516,1516,0,0,1,1,1,0,-100,-100,-100,-100,1,2,0,1,-1,1,0,-1,1.579148,0.252041,-0.08592427,-0.5565351,-5.960464E-08,2.235174E-08,0.9999999,0.03975835,0.1577972,0.02040473,0.9864599,-0.02028823,0.05573246,4.823177,177.7003,286.0221,314.7227,256.6901,
2021-03-19T18:12:50.2322844+02:00,69.9363,1521,1521,0,0,1,1,1,0,-100,-100,-100,-100,1,0,2,0,-1,0,1,0,1.617341,0.2178122,-0.1468949,-0.595861,0,1.490116E-08,1,0.05168514,0.1492781,0.02775873,0.9870533,-0.01142764,0.06256476,4.859055,172.7003,291.022,309.7227,256.6901,
2021-03-19T18:12:50.2327801+02:00,66.4881,1526,1526,0,0,1,1,0,0,-100,-100,0,-100,1,0,1,2,-1,0,-1,1,1.595502,0.171221,-0.2298514,-0.5695468,-5.960464E-08,1.490116E-08,1,0.06792961,0.1454562,0.03724744,0.9863269,-0.008624434,0.0735386,4.895366,172.7003,291.022,304.7227,261.6902,
2021-03-19T18:12:50.2332752+02:00,64.9515,1531,1531,0,0,0,1,1,1,0,-100,-100,-100,2,0,2,0,1,0,1,0,1.641715,0.1673178,-0.4773353,-0.5618522,0,-2.980232E-08,1,0.08509366,0.1433459,0.04766779,0.9848548,0.003163218,0.1039934,4.931203,172.7003,286.022,299.7227,256.6902,
2021-03-19T18:12:50.2337724+02:00,66.9596,1536,1536,0,0,0,1,1,1,0,-100,-100,-100,1,2,2,1,-1,1,1,-1,1.950351,0.291811,-0.1552599,-0.9221364,-5.960464E-08,-1.490116E-08,1,0.09548031,0.1564176,0.05687796,0.9814184,0.04134393,0.1535026,4.988872,172.7003,286.022,304.7227,261.6902,
2021-03-19T18:12:50.2342677+02:00,65.4722,1541,1541,0,0,0,1,1,2,0,-100,-100,-100,0,0,0,2,0,0,0,1,1.973262,0.3296472,-0.1436251,-0.9402233,-1.490116E-07,0,1,0.07255698,0.1709142,0.04519255,0.981571,0.01560605,0.1880602,5.05607,167.7003,291.022,299.7227,266.6901,
2021-03-19T18:12:50.2342677+02:00,69.9355,1546,1546,0,0,1,0,0,1,-100,0,0,0,1,0,1,2,-1,0,-1,1,1.872025,0.3471265,-0.09492081,-0.8371088,8.940697E-08,-1.490116E-08,1,0.05115196,0.1819838,0.03278317,0.9814228,0.02321434,0.1873696,5.117824,167.7003,286.0219,299.7227,266.6901,
2021-03-19T18:12:50.2347635+02:00,64.5086,1551,1551,0,0,2,1,1,1,100,-100,-100,-100,1,0,0,0,-1,0,0,0,1.88645,0.3647665,-0.3662226,-0.8142549,1.490116E-07,-2.980232E-08,1,0.0307965,0.1931484,0.02083037,0.9804649,0.02580166,0.1997668,5.175385,167.7003,281.0219,294.7227,261.6901,
2021-03-19T18:12:50.2352870+02:00,66.9612,1556,1556,0,0,0,1,0,0,0,-100,0,-100,2,0,2,2,1,0,1,1,1.813731,0.341208,-0.3133172,-0.7535757,2.980232E-08,-3.72529E-09,1,0.005531956,0.1976642,0.005186537,0.9802405,-0.003425121,0.2086615,5.229348,167.7003,281.0219,289.7227,261.6901,
2021-03-19T18:12:50.2357835+02:00,66.466,1561,1561,0,0,0,1,0,0,0,-100,0,-100,1,2,0,1,-1,1,0,-1,1.731224,0.3480585,-0.1562948,-0.6886575,-1.192093E-07,-2.793968E-09,1,-0.001626811,0.1971619,0.0007416522,0.9803693,-0.003213763,0.2033682,5.279107,167.7003,276.0219,294.7227,266.6901,
2021-03-19T18:12:50.2362805+02:00,68.9404,1566,1566,0,0,0,2,1,2,0,100,-100,100,1,2,2,1,-1,1,1,-1,1.643221,0.3195482,-0.02123901,-0.6117114,2.980232E-08,-7.450581E-09,1,-0.02208457,0.194841,-0.01261189,0.9805051,-0.001045227,0.1829659,5.323083,162.7003,281.0219,289.7227,266.6901,
2021-03-19T18:12:50.2362805+02:00,64.4757,1571,1571,0,0,0,0,1,1,0,0,-100,0,2,0,0,1,1,0,0,-1,1.544859,0.2500827,-0.1328653,-0.5186816,-8.940697E-08,-1.490116E-08,1,-0.04042958,0.1937752,-0.02432095,0.9799108,0.00857234,0.1806778,5.360152,157.7003,286.0219,284.7227,271.6901,
2021-03-19T18:12:50.2367757+02:00,67.9554,1576,1576,0,0,1,1,1,0,-100,-100,-100,-100,2,2,2,1,1,1,1,-1,1.475197,0.224624,0.06062795,-0.4567339,-5.960464E-08,-7.450581E-09,1,-0.04842049,0.1953495,-0.02954752,0.9790919,-6.79493E-06,0.1500641,5.390558,157.7003,291.0219,289.7227,271.6902,
2021-03-19T18:12:50.2372709+02:00,65.9681,1581,1581,0,0,0,0,1,1,0,0,-100,0,2,2,0,0,1,1,0,0,1.423399,0.2075656,0.06137853,-0.4068456,-2.086163E-07,-2.980232E-08,1,-0.05503612,0.1952917,-0.03397616,0.9786102,-0.00197804,0.1213326,5.418106,152.7003,296.0219,294.7227,276.6902,
2021-03-19T18:12:50.2377673+02:00,64.9482,1586,1586,0,0,1,1,0,1,-100,-100,0,-100,0,0,0,0,0,0,0,0,1.428524,0.2203691,0.01599582,-0.4113333,-2.980232E-08,-7.450581E-09,1,-0.05712191,0.1971377,-0.03544801,0.9780681,-0.004837036,0.1096367,5.445611,147.7003,296.0219,299.7227,276.6902,
2021-03-19T18:12:50.2382661+02:00,68.4757,1591,1591,0,0,0,0,0,2,0,0,0,0,2,0,2,1,1,0,1,-1,1.449437,0.2286835,-0.07003117,-0.4295694,-2.980232E-08,0,1,-0.06249922,0.1955282,-0.03913863,0.9779217,-0.01308119,0.1058584,5.47433,147.7003,296.0219,299.7227,276.6902,
2021-03-19T18:12:50.2382661+02:00,65.4715,1596,1596,0,0,1,0,1,0,-100,0,-100,0,2,2,2,0,1,1,1,0,1.310468,0.1842086,0.05127428,-0.296443,-8.940697E-08,-2.980232E-08,0.9999999,-0.0639235,0.196196,-0.04116446,0.9776126,0.01321697,0.0692032,5.494735,147.7003,301.0219,304.7227,281.6902,
2021-03-19T18:12:50.2387680+02:00,65.4736,1601,1601,0,0,1,1,1,1,-100,-100,-100,-100,1,2,0,0,-1,1,0,0,1.29595,0.1880941,0.00356954,-0.282222,-8.940697E-08,-1.490116E-08,0.9999999,-0.06082506,0.2023246,-0.03926358,0.9766389,0.008495212,0.05935204,5.513282,142.7002,301.0219,309.7227,286.6902,
2021-03-19T18:12:50.2392551+02:00,69.4345,1606,1606,0,0,1,0,1,0,-100,0,-100,0,2,0,0,1,1,0,0,-1,1.349206,0.183856,-0.1323508,-0.3300518,8.940697E-08,0,0.9999999,-0.063007,0.2065642,-0.04130808,0.9755281,0.01167178,0.05549526,5.532794,137.7003,301.0219,304.7227,286.6902,
2021-03-19T18:12:50.2397509+02:00,65.9443,1611,1611,0,0,1,1,1,1,-100,-100,-100,-100,2,2,1,0,1,1,-1,0,1.347384,0.1809035,0.05158888,-0.3341876,5.960464E-08,0,0.9999999,-0.06074803,0.213369,-0.04058088,0.9742364,0.02840638,0.03206682,5.551204,137.7002,306.0219,309.7226,286.6902,
2021-03-19T18:12:50.2402473+02:00,65.9955,1616,1616,0,0,1,0,0,1,-100,0,0,0,2,0,2,2,1,0,1,1,1.313918,0.1840925,0.002651889,-0.3009551,-8.940697E-08,0,1,-0.05283712,0.2246275,-0.0353391,0.9723692,0.02107382,0.02507126,5.571555,132.7002,306.0219,314.7226,281.6902,
2021-03-19T18:12:50.2402473+02:00,65.4747,1621,1621,0,0,1,1,1,0,-100,-100,-100,-100,2,2,1,2,1,1,-1,1,1.380063,0.262409,-0.031783,-0.3545133,8.940697E-08,0,1,-0.04172443,0.2352196,-0.02857801,0.9706256,0.02486944,0.01807684,5.59354,132.7002,301.0219,319.7226,286.6902,
2021-03-19T18:12:50.2407432+02:00,72.8816,1626,1626,0,0,0,0,1,1,0,0,-100,0,2,1,2,1,1,-1,1,-1,1.388433,0.2869841,-0.2408987,-0.3369201,-5.960464E-08,0,0.9999999,-0.0264698,0.2452998,-0.01873527,0.9689047,0.01393676,0.02305183,5.616972,127.7002,296.0219,324.7226,281.6901,
2021-03-19T18:12:50.2412388+02:00,61.5287,1631,1631,0,0,2,1,1,0,100,-100,-100,-100,0,0,0,1,0,0,0,-1,1.362402,0.287356,-0.04260992,-0.3310709,-2.086163E-07,-5.587935E-09,0.9999999,-0.008786139,0.2529303,-0.009399703,0.9673989,0.017663,-0.04019343,5.635654,132.7002,301.0219,329.7226,286.6902,
2021-03-19T18:12:50.2417352+02:00,64.4874,1636,1636,0,0,0,1,0,2,0,-100,0,-100,1,0,0,2,-1,0,0,1,1.371364,0.231692,-0.06122802,-0.3502631,0,-5.587935E-09,1,0.01122953,0.2566644,0.003599231,0.9664286,0.008419275,-0.0576097,5.656229,132.7002,306.0219,329.7226,286.6902,
2021-03-19T18:12:50.2417352+02:00,68.9425,1641,1641,0,0,1,0,0,1,-100,0,0,0,0,2,2,2,0,1,1,1,1.342054,0.1752882,-0.34091,-0.2861424,0,0,1,0.03775486,0.2566237,0.02224043,0.9655176,0.00392127,-0.02887276,5.675709,132.7002,301.0219,324.7226,286.6901,
2021-03-19T18:12:50.2422307+02:00,68.4171,1646,1646,0,0,1,0,1,0,-100,0,-100,0,1,0,0,2,-1,0,0,1,1.753353,0.4964433,-0.1709498,-0.6728922,-2.086163E-07,2.235174E-08,1,0.0586487,0.2681413,0.04046111,0.9607411,0.0878756,0.03969067,5.705827,127.7002,296.0219,324.7226,291.6901,
2021-03-19T18:12:50.2427273+02:00,65.5042,1651,1651,0,0,0,1,1,1,0,-100,-100,-100,1,0,0,1,-1,0,0,-1,1.784152,0.5306533,-0.3087978,-0.6751865,5.960464E-08,-1.490116E-08,1,0.05675016,0.3022581,0.04334525,0.9505476,0.08636975,0.1148542,5.750916,127.7002,291.0219,319.7226,291.6901,
2021-03-19T18:12:50.2432234+02:00,65.4396,1656,1656,0,0,0,0,0,1,0,0,0,0,2,0,2,2,1,0,1,1,1.77408,0.5832393,-0.102186,-0.6723482,2.980232E-08,1.490116E-08,0.9999999,0.03252726,0.3325735,0.02491289,0.942187,0.05228281,0.09219941,5.796704,127.7002,296.0219,314.7226,291.6901,
2021-03-19T18:12:50.2437189+02:00,65.9997,1661,1661,0,0,1,2,1,1,-100,100,-100,100,0,2,0,0,0,1,0,0,1.750378,0.6512919,-0.01271413,-0.624648,-3.576279E-07,1.862645E-08,0.9999999,0.01973393,0.3525935,0.01769278,0.9354012,0.03034806,0.1183276,5.840025,127.7002,291.0219,319.7226,296.6902,
2021-03-19T18:12:50.2437189+02:00,67.9476,1666,1666,0,0,2,1,0,2,100,-100,0,-100,1,2,2,0,-1,1,1,0,1.753438,0.6790335,-0.005882761,-0.616609,-1.192093E-07,-3.72529E-09,0.9999999,0.006920327,0.3637058,0.006845543,0.931463,0.02712822,0.09232332,5.881605,122.7002,291.0218,319.7226,296.6902,
2021-03-19T18:12:50.2442148+02:00,209.8047,1671,1671,0,0,0,0,1,0,0,0,-100,0,2,0,1,1,1,0,-1,-1,1.625425,0.5730416,-0.1235512,-0.5160354,-1.788139E-07,-1.944136E-08,1,-0.001280353,0.3722698,-0.0008327627,0.9281233,0.02069449,0.07538389,5.917702,117.7002,291.0218,314.7226,301.6902,
2021-03-19T18:12:50.2447114+02:00,39.192,1676,1676,0,0,1,1,0,2,-100,-100,0,-100,1,0,2,1,-1,0,1,-1,1.530872,0.5173972,-0.01041857,-0.4407504,-2.086163E-07,-1.775334E-08,1,0.001531207,0.3786947,-0.0006632631,0.9255202,0.01341701,0.03134722,5.946561,117.7002,296.0218,319.7226,296.6902,
2021-03-19T18:12:50.2452095+02:00,24.2961,1681,1681,0,0,0,1,1,1,0,-100,-100,-100,0,1,2,1,0,-1,1,-1,1.505851,0.4852075,-0.01322293,-0.4254771,1.490116E-07,-9.080395E-09,1,0.001907638,0.3864402,-0.001390802,0.9223115,0.03049445,0.01490167,5.972963,117.7002,301.0218,314.7226,301.6901,
2021-03-19T18:12:50.2457029+02:00,33.2079,1686,1686,0,0,1,1,0,0,-100,-100,0,-100,1,0,2,2,-1,0,1,1,1.451795,0.4378611,-0.02167637,-0.384022,2.980232E-08,2.793968E-09,0.9999998,0.009014379,0.3957248,0.003666045,0.9183176,0.01960683,-0.0007056817,5.998427,122.7002,306.0218,314.7226,306.6901,
2021-03-19T18:12:50.2457029+02:00,37.696,1691,1691,0,0,1,0,1,1,-100,0,-100,0,2,1,2,1,1,-1,1,-1,1.470835,0.4391582,-0.3049987,-0.3702089,-5.960464E-08,0,1,0.02147413,0.3998435,0.01563991,0.9161984,0.01424646,0.04041278,6.02309,122.7002,301.0218,309.7226,311.6901,
2021-03-19T18:12:50.2461992+02:00,180.0773,1696,1696,0,0,1,1,0,1,-100,-100,0,-100,1,0,1,0,-1,0,-1,0,1.520054,0.4942481,-0.05599034,-0.436366,2.086163E-07,-7.450581E-09,1,0.03220441,0.4036711,0.02191413,0.9140745,0.02249503,0.002982825,6.049554,127.7002,306.0218,314.7226,316.6901,
2021-03-19T18:12:50.2466955+02:00,24.7984,1701,1701,0,0,0,0,0,0,0,0,0,0,0,0,2,2,0,0,1,1,1.564806,0.496392,-0.1845277,-0.4724681,-2.086163E-07,0,1,0.04294751,0.4068696,0.03034418,0.9119715,-0.009656906,0.01251584,6.079156,127.7002,306.0218,309.7226,311.6901,
2021-03-19T18:12:50.2471878+02:00,33.6997,1706,1706,0,0,1,0,1,1,-100,0,-100,0,1,0,2,1,-1,0,1,-1,1.56071,0.4949529,-0.3702735,-0.4330854,-2.980232E-08,-7.450581E-09,1,0.05747312,0.4062339,0.04547729,0.9108253,0.006936073,0.06744537,6.109733,127.7002,301.0218,309.7226,316.6901,
2021-03-19T18:12:50.2476836+02:00,38.1926,1711,1711,0,0,0,1,2,1,0,-100,100,-100,2,1,0,2,1,-1,0,1,1.547928,0.4936686,-0.1631962,-0.4579914,-2.980232E-08,0,1,0.06313883,0.4034474,0.04568074,0.9116781,-0.02885962,0.01668638,6.141169,127.7002,306.0218,304.7226,321.6901,
2021-03-19T18:12:50.2476836+02:00,59.024,1716,1716,0,0,1,1,2,0,-100,-100,100,-100,2,2,1,1,1,1,-1,-1,1.628379,0.5588487,-0.1945869,-0.517051,-1.490116E-07,-1.490116E-08,1,0.08196998,0.3956079,0.06599161,0.9123707,-0.01662493,0.07209045,6.175719,132.7002,301.0218,309.7226,321.6901,
2021-03-19T18:12:50.2481853+02:00,69.4397,1721,1721,0,0,0,0,2,2,0,0,100,0,2,0,1,1,1,0,-1,-1,1.668087,0.5661324,-0.1803836,-0.5586755,-1.490116E-07,1.490116E-08,1,0.09459578,0.3847135,0.0741435,0.9151775,-0.02288914,0.01944536,6.215175,127.7002,306.0218,314.7226,316.6901,
2021-03-19T18:12:50.2486756+02:00,65.9982,1726,1726,0,0,1,0,1,1,-100,0,-100,0,1,0,2,1,-1,0,1,-1,1.535069,0.3665054,-0.1424524,-0.4838527,-1.490116E-07,2.980232E-08,1,0.1203399,0.3855068,0.09325779,0.9100581,-0.01465988,-0.02774262,6.256467,127.7002,311.0218,319.7226,311.6901,
2021-03-19T18:12:50.2491816+02:00,66.9293,1731,1731,0,0,0,2,2,2,0,100,100,100,0,2,0,2,0,1,0,1,1.58545,0.3503546,-0.2341458,-0.5284234,8.940697E-08,-4.470348E-08,1,0.1509631,0.3811148,0.1187494,0.9043563,-0.002461433,-0.03129518,6.289433,127.7002,316.0219,314.7226,316.6901,
2021-03-19T18:12:50.2496676+02:00,66.9604,1736,1736,0,0,1,0,1,0,-100,0,-100,0,1,2,2,2,-1,1,1,1,1.562466,0.326367,-0.4010934,-0.4744185,-8.940697E-08,2.980232E-08,1,0.1865778,0.3717772,0.1505707,0.8968271,-0.0007896423,0.003026128,6.320157,122.7002,311.0219,314.7226,316.6901,
2021-03-19T18:12:50.2496676+02:00,65.499,1741,1741,0,0,0,1,1,1,0,-100,-100,-100,2,0,1,0,1,0,-1,0,1.645661,0.3463479,-0.5643671,-0.5065633,-8.940697E-08,5.960464E-08,1,0.2268147,0.3570882,0.186805,0.8866493,0.002971649,0.04214239,6.352953,117.7002,306.0219,309.7226,321.69,
2021-03-19T18:12:50.2501639+02:00,64.9487,1746,1746,0,0,2,1,1,0,100,-100,-100,-100,2,0,0,2,1,0,0,1,1.787199,0.4559128,-0.9095271,-0.4693488,-5.960464E-08,0,1,0.2735196,0.324255,0.2286387,0.8762249,-0.00571394,0.09546471,6.381759,117.7002,306.0219,314.7226,316.69,
2021-03-19T18:12:50.2506620+02:00,68.9737,1751,1751,0,0,0,1,0,1,0,-100,0,-100,0,0,1,2,0,0,-1,1,1.981201,0.5362842,-0.9815799,-0.6352545,1.192093E-07,-1.192093E-07,1,0.3211406,0.2783704,0.2689749,0.8643097,-0.043365,0.1393037,6.418734,117.7002,301.0218,319.7226,316.69,
2021-03-19T18:12:50.2511558+02:00,65.4445,1756,1756,0,0,0,1,1,0,0,-100,-100,-100,2,2,0,2,1,1,0,1,2.16657,0.5100006,-1.453003,-0.5240427,-8.940697E-08,0,1,0.3647558,0.2160422,0.313212,0.8498101,-0.02647161,0.2380488,6.453149,117.7002,296.0218,319.7226,311.69,
2021-03-19T18:12:50.2516520+02:00,64.9762,1761,1761,0,0,1,1,1,0,-100,-100,-100,-100,1,0,2,1,-1,0,1,-1,2.117083,0.7144169,-1.316037,-0.4965606,-2.086163E-07,2.384186E-07,1,0.4044838,0.1350661,0.3546476,0.8320909,0.01077366,0.2754474,6.483462,112.7002,291.0218,324.7226,311.69,
2021-03-19T18:12:50.2516520+02:00,68.9724,1766,1766,0,0,2,2,0,1,100,100,0,100,1,0,2,2,-1,0,1,1,2.056121,0.8712347,-1.3215,-0.3123348,1.490116E-07,-5.960464E-08,1,0.4285559,0.06384572,0.3852632,0.8147612,-0.01519156,0.5890756,6.498718,112.7002,296.0217,319.7226,316.69,
2021-03-19T18:12:50.2521474+02:00,64.9476,1771,1771,0,0,0,1,0,2,0,-100,0,-100,1,0,0,0,-1,0,0,0,2.087364,0.6664849,-1.581924,-0.1876035,1.490116E-07,-5.960464E-08,0.9999999,0.4059328,-0.0169328,0.3712135,0.8349445,-0.005425453,0.7223063,6.510454,112.7002,291.0217,314.7226,321.69,
2021-03-19T18:12:50.2526198+02:00,66.9875,1776,1776,0,0,2,0,2,1,100,0,100,0,2,2,0,2,1,1,0,1,2.231102,0.4471396,-1.822447,-0.2068849,-2.086163E-07,1.192093E-07,1,0.3776196,-0.1062851,0.3490559,0.8510388,-0.002726555,0.7526488,6.533668,112.7002,291.0217,309.7226,321.69,
2021-03-19T18:12:50.2531393+02:00,65.4443,1781,1781,0,0,1,2,0,2,-100,100,0,100,2,1,2,1,1,-1,1,-1,2.551182,0.4389262,-2.2374,-0.144515,-2.384186E-07,0,1,0.3490486,-0.1872469,0.3234877,0.8593366,-0.006276131,0.8911095,6.545845,107.7002,286.0217,314.7225,321.69,
